TYPE;FAILURECODE;DESCRIPTION
REMEDY;CAMBIAR;CAMBIAR
REMEDY;LIMPIAR;LIMPIAR
PROBLEM;FUGAS;FUGA
REMEDY;CAMBIAR;CAMBIAR
CAUSE;CORROSIO;PRESENCIA DE CORROSION
REMEDY;CAMBIAR;CAMBIAR
REMEDY;CAMBIAR;CAMBIAR
REMEDY;CAMBIAR;CAMBIAR
REMEDY;CAMBIAR;CAMBIAR
REMEDY;REPARAR;REPARAR
REMEDY;CAMBIAR;CAMBIAR
REMEDY;REPARAR;REPARAR
REMEDY;CAMBIAR;CAMBIAR
REMEDY;REPARAR;REPARAR
CAUSE;FABRICAC;DEFECTO DE FABRICACION (TUBO/ACCESORIO DEFECTUOSO)
CAUSE;CORREXT;CORROSION EXTERNA
REMEDY;REPARAR;REPARAR
PROBLEM;ESTRUCT;DANO EN RECUBRIMIENTO, ABOLLADURA, DEFORMACION
REMEDY;REPARAR;REPARAR
CAUSE;DESPLTER;DESPLAZAMIENTO DEL TERRENO, DESLIZAMIENTO, EROSION
REMEDY;CAMBIAR;CAMBIAR
REMEDY;CAMBIAR;CAMBIAR
REMEDY;CAMBIAR;CAMBIAR
CAUSE;ENVEJEC;ENVEJECIMIENTO DEL AISLAMIENTO
CAUSE;FUER.DIS;PUESTA A TIERRA FUERA DE VALORES ESTANDAR
REMEDY;CAMBIAR;CAMBIAR
REMEDY;RETIRAR;RETIRAR
CAUSE;CORTO.VI;CORTOCIRCUITO POR FUERTES VIENTOS
REMEDY;AJUSTAR;AJUSTAR
CAUSE;DESG.MC;DESGASTE POR MATERIALES DE MALA CALIDAD
CAUSE;CORT.OBJ;CORTOCIRCUITO POR OBJETOS SOBRE LA LINEA
REMEDY;SERVI.NORMAL;SERVICIO NORMAL
FAILURECLASS;VALVULA;DANO DE VALVULAS
CAUSE;SELL.DES;SELLO DESALINEADO
REMEDY;CAMBIAR;CAMBIAR
REMEDY;REVISAR;REVISAR
CAUSE;ROTURA;ROTURA
CAUSE;CONTROL;DANO CONTROL
REMEDY;REPARAR;REPARAR
CAUSE;CORRINT;CORROSION INTERNA
REMEDY;CAMBIAR;CAMBIAR
CAUSE;CONTADOR;DANO DE CONTADOR DE FALLAS
CAUSE;FALT.LUB;FALTA DE LUBRICACION
CAUSE;FALALIMCONT;FALLA DEBIDO A FALTA DE ALIMENTACION EN CONTROL
REMEDY;CAMBIAR;CAMBIAR
CAUSE;RODAMIPEGADO;RODAMIENTOS DE LAS COLUMNAS PEGADOS
PROBLEM;FALLAAPERTUR;NO ABRE
CAUSE;RESORTEDEFEC;RESORTES DE PRESION CONTACTOS DEFECTUOSOS
REMEDY;CAMBIAR;CAMBIAR
REMEDY;CAMBIAR;CAMBIAR
CAUSE;HUNDIMTERRE;HUNDIMIENTO DEL TERRENO
CAUSE;IMPDANA;IMPULSOR DAÑADO/DESGASTADO
REMEDY;LIMPIAR;LIMPIAR
REMEDY;REPARAR;REPARAR
REMEDY;REPARAR;REPARAR
PROBLEM;SINFLUJO;SIN FLUJO
CAUSE;INTERSOB;INTERRUPTOR SOBRECALENTADO
CAUSE;CON SUL;CONEXIONES SULFATADAS O FLOJAS (PUNTOS CONEXION CU)
FAILURECLASS;CELDA;CELDA
PROBLEM;DANO.POT;NO OPERA POR DANO EN POTENCIA
PROBLEM;FUGAS;FUGA
PROBLEM;ROTURA;ROTURA
PROBLEM;MOTOR_SOBRECAL;MOTOR SOBRECALENTADO
REMEDY;LIMPIAR;LIMPIAR
CAUSE;BBA_AGUA_FALLA;BOMBA DE AGUA EN FALLA
REMEDY;REPONER;REPONER
REMEDY;REPARAR;REPARAR
REMEDY;REPARAR;REPARAR
REMEDY;REMPLAZAR;REMPLAZAR
REMEDY;REPARAR;REPARAR
PROBLEM;VOLINTER;VOLTAJE INTERMITENTE
REMEDY;REPARAR;REPARAR
PROBLEM;CORTO;CORTOCIRCUITO INTERNO DE LA LUMINARIA
REMEDY;CAMBIAR;CAMBIAR
PROBLEM;AGRIETAD;AGRIETADO
PROBLEM;FALLACIERRE;NO CIERRA
CAUSE;MOTORQUEMAD;MOTOR QUEMADO
CAUSE;EJESUELTO;EJE DE ACOPLE SUELTO
REMEDY;LIMPIAR;LIMPIAR
REMEDY;ACOPLAR;ACOPLAR
PROBLEM;FUGAMEDIAISL;FUGA DE MEDIO AISLANTE  DEL INTERRUPTOR
CAUSE;AISLADORROTO;AISLADOR ROTO
REMEDY;AJUSTAR;AJUSTAR
PROBLEM;NOBLOQMANDO;NO  BLOQUEA MANDO POR BAJA PRESION
CAUSE;CONTACDANADO;CONTACTO DEL INSTRUMENTO DANADO
REMEDY;CAMBIAR;CAMBIAR
CAUSE;EMPAQUEDANAD;EMPAQUETADURA DANADA
REMEDY;CAMBIAR;CAMBIAR
PROBLEM;TIEMCIER60;TIEMPO DE CIERRE SUPERIOR A 60 mS
REMEDY;CAMBIAR;CAMBIAR
CAUSE;GATILLODANAD;GATILLO APERTURA/CIERRE DEFECTUOSO
CAUSE;CONTAMINACION;CONTAMINACION
CAUSE;CORROSION;CORROSION
CAUSE;HUNDIMTERRE;HUNDIMIENTO DEL TERRENO
REMEDY;RESTABLECER;RESTABLECER
REMEDY;REPARAR;REPARAR
CAUSE;VASOROTO;VASO DE LA SILICA ROTO
REMEDY;REPARAR;REPARAR
REMEDY;REVISAR;REVISAR
REMEDY;LIMPIAR;LIMPIAR
CAUSE;CORROSION;CORROSION
REMEDY;PINTAR;PINTAR
CAUSE;FALLAALIMEN;FALLA DEBIDO A FALTA DE ALIMENTACION EN CONTROL
REMEDY;REPARAR;REPARAR
CAUSE;REGTENMALCAL;REGULADOR DE TENSION MAL CALIBRADO
REMEDY;REPARAR;REPARAR
CAUSE;CABTIERROTO;CABLE DE PUESTA A TIERRA CON HILOS ROTOS
REMEDY;LIMPIAR;LIMPIAR
CAUSE;AISLADORREVE;FALLA DEBIDO A AISLADOR GIRATORIO REVENTADO
CAUSE;INDICADORSUC;INDICADOR SUCIO
REMEDY;CAMBIAR;CAMBIAR
CAUSE;DANOMECANICO;DANO MECANICO EN EL MECANISMO DE ACCINAMIENTO
REMEDY;REPARAR;REPARAR
CAUSE;FALALIMCONT;FALLA DEBIDO A FALTA DE ALIMENTACION EN CONTROL
CAUSE;AISLADORREVE;AISLADORREVE
PROBLEM;DESTRUCCION;DESTRUCCION
CAUSE;DESCALIBRACION;BRAZOS DE ACCIONAMIENTO DESCALIBRADOS
REMEDY;RESTABLECER;RESTABLECER
CAUSE;CORROSION;CORROSION
REMEDY;PINTAR;PINTAR
REMEDY;RECONSTRUIR;RECONSTRUIR
CAUSE;CORROSION;CORROSION
REMEDY;PINTAR;PINTAR
REMEDY;REPARAR;REPARAR
REMEDY;SOLDAR;SOLDAR
CAUSE;DANOMECANICO;DANO MECANICO EN EL MECANISMO DE ACCINAMIENTO
PROBLEM;DESTRUCCION;DESTRUCCION
REMEDY;REPARAR;REPARAR
CAUSE;BOBINAQUEMAD;FALLA DEBIDO A BOBINA DE CIERRE/APERT QUEMADA
REMEDY;CALIBRAR;CALIBRAR
PROBLEM;NOHAYINDICAC;NO HAY SEÑALIZACION ELECTRICA ESTADO INTERRUPTOR
REMEDY;CALIBRAR;CALIBRAR
CAUSE;SUCIEDAD;TRANSFORMADOR  DE POTENCIAL CORROIDO
PROBLEM;TIEMAPER30;TIEMPO DE APERTURA SUPERIOR A 30 mS
REMEDY;AJUSTAR;AJUSTAR
CAUSE;HUMEDAD;HUMEDAD EN AL CELDA
REMEDY;CAMBIAR;CAMBIAR
CAUSE;CONTAMINACION;CONTAMINACION
CAUSE;BREAKERABIER;BREAKER DE PROTECCION ABIERTO
REMEDY;CAMBIAR;CAMBIAR
CAUSE;DANOINTERNO;DAÑO INTERNO
CAUSE;PORCELARROTA;PORCELANA ROTA
PROBLEM;HUMEGABICONE;HUMEDAD EN GABINETE DE CONEXIONADO
FAILURECLASS;CARGADOR;CARGADOR
PROBLEM;NOCAMBVARIA;NO PERMITE CAMBIAR VARIALBLES A CONTROLAR
REMEDY;CAMBIAR;CAMBIAR
REMEDY;CAMBIAR;CAMBIAR
REMEDY;CERRAR;CERRAR
REMEDY;CAMBIAR;CAMBIAR
PROBLEM;NOENVSENALAR;NO ENVIA SENAL ALARMA
REMEDY;CAMBIAR;CAMBIAR
REMEDY;REMPLAZAR;REMPLAZAR
REMEDY;REMPLAZAR;REMPLAZAR
REMEDY;LIMPIAR;LIMPIAR
REMEDY;REPARAR;REPARAR
REMEDY;REPARAR;REPARAR
REMEDY;REPONER;REPONER
REMEDY;REMPLAZAR;REMPLAZAR
CAUSE;BBA_HCA_FALLA;BOMBA HIDRAULICA EN FALLA
REMEDY;REPARAR;REPARAR
REMEDY;REMPLAZAR;REMPLAZAR
REMEDY;REPARAR;REPARAR
REMEDY;REPARAR;REPARAR
REMEDY;REMPLAZAR;REMPLAZAR
REMEDY;REPARAR;REPARAR
CAUSE;HORQUILL_FALLA;HORQUILLA DESGASTADA O ROTA
CAUSE;EJE_DEFORMADO;EJE DEFORMADO, PIERDE GEOMETRIA
REMEDY;REMPLAZAR;REMPLAZAR
REMEDY;AJUSTAR;AJUSTAR
CAUSE;OPERACION_MALA;OPERACION INCORRECTA
PROBLEM;ELECTRIC_FALLA;SISTEMA ELECTRICO EN FALLA
REMEDY;REPARAR;REPARAR
PROBLEM;FRENOS_FALLA;SISTEMA DE FRENOS EN FALLA
CAUSE;SECADOR_FALLA;SECADOR DE AIRE EN FALLA
REMEDY;REMPLAZAR;REMPLAZAR
CAUSE;CABLESUELTO;CABLE DE PUESTA A TIERRA SUELTO
CAUSE;CABTIERROTO;CABLE DE PUESTA A TIERRA CON HILOS ROTOS
REMEDY;REPARAR;REPARAR
REMEDY;RECONSTRUIR;RECONSTRUIR
REMEDY;CONECTAR;CONECTAR
CAUSE;CONTAMINACION;CONTAMINACION
CAUSE;SUCIEDAD;TRANSFORMADOR  DE POTENCIAL CORROIDO
REMEDY;REVISAR;REVISAR
REMEDY;REARMAR;REARMAR
REMEDY;CERRAR;CERRAR
CAUSE;SUCIEDAD;TRANSFORMADOR  DE POTENCIAL CORROIDO
REMEDY;CAMBIAR;CAMBIAR
REMEDY;CAMBIAR;CAMBIAR
REMEDY;REPARAR;REPARAR
CAUSE;FILTROSUCIO;FILTRO SUCIO
REMEDY;CAMBIAR;CAMBIAR
REMEDY;REPARAR;REPARAR
CAUSE;RELEFALLADO;RELE SENALIZACION FALLADO
REMEDY;CAMBIAR;CAMBIAR
CAUSE;CABLESUELTO;CABLE DE PUESTA A TIERRA SUELTO
REMEDY;CAMBIAR;CAMBIAR
CAUSE;FALLA.DESGASTE;FALLA VALVULAS DESGASTE
REMEDY;REPARAR;REPARAR
CAUSE;FALLA.REFRIG;FALLA SISTEMA DE REFRIGERACION
CAUSE;FALLA.ALIMENT;FALLA ALIMENTACION
CAUSE;FALLA.ELEM;AFLOJAMIENTO O FALLA DE ELEMENTOS
REMEDY;REPARAR;REPARAR
REMEDY;REPARAR;REPARAR
REMEDY;REPARAR;REPARAR
CAUSE;OPERAC;OPERACION INCORRECTA
REMEDY;REPARAR;REPARAR
PROBLEM;OBSTRUCC;OBSTRUCCION
CAUSE;CONTAMIN;ELEMENTOS EXTRANOS O CONTAMINANTES EN EL FLUIDO
CAUSE;FABRICAC;DEFECTO DE FABRICACION (TUBO/ACCESORIO DEFECTUOSO)
REMEDY;REPARAR;REPARAR
CAUSE;CORREXT;CORROSION EXTERNA
CAUSE;INSTALAC;DEFECTO DE CONSTRUCCION, INSTALACION, MONTAJE
REMEDY;REPARAR;REPARAR
REMEDY;REPARAR;REPARAR
REMEDY;REPARAR;REPARAR
REMEDY;CONECTAR;CONECTAR
REMEDY;CAMBIAR;CAMBIAR
CAUSE;AMBIENTE;CONDICIONES AMBIENTALES
REMEDY;INSPECCI;INSPECCIONAR
REMEDY;REDIREC;REDIRECCIONAR
CAUSE;TARJ.COM;TARJETA DE COMUNICACIONES FALLADA
CAUSE;ANTENA;ANTENA
FAILURECLASS;ELECTGEN;ELECTRICOS GENERICO
CAUSE;FUENTEABIERT;FUENTE ABIERTA
CAUSE;CALENTAMIENTO;CALENTAMIENTO
CAUSE;FUENTEABIERT;FUENTE ABIERTA
CAUSE;CABLESUELTO;CABLE DE PUESTA A TIERRA SUELTO
FAILURECLASS;RADIO;RADIO
CAUSE;OBST.CONSTRU;OBSTRUCION POR CONSTRUCCION
CAUSE;DANOTOTAL;DANO TOTAL
CAUSE;ALIM.INDOOR;ALIMENTADOR INDOOR
CAUSE;DANOTOTAL;DANO TOTAL
PROBLEM;DISP.BLO;BLOQUEO DEL DISPOSITIVO
PROBLEM;TARJETAPPAL;TARJETA PRINCIPAL
REMEDY;CAMBIAR;CAMBIAR
REMEDY;CAMBIAR;CAMBIAR
CAUSE;PERDI.CONFIG;PERDIDAD DE CONFIGURACION
REMEDY;REINSTALAR;REINSTALAR
PROBLEM;MEMORIFLASH;MEMORIA FLASH
REMEDY;CONFIGURAR;CONFIGURAR
PROBLEM;PERDIDASENAL;PERDIDA DE LA SENAL
CAUSE;HURTO;HURTO
PROBLEM;PUES.TIERRA;PUESTA A TIERRA
CAUSE;CUCHILLA;DANO CUCHILLA
CAUSE;LUCESOBST;LUCES DE OBSTRUCCION
CAUSE;CONTROL;DANO CONTROL
REMEDY;REINICIAR;REINICIAR
CAUSE;MODUPOTEN;DANO MODULO DE POTENCIA
REMEDY;CAMBIAR;CAMBIAR
CAUSE;PUERTO;DANO EN PUERTO
CAUSE;MOD.COMU;MODULO COMUNICACIONES
REMEDY;RECONFIGURAR;RECONFIGURAR
CAUSE;FUSIB.QUEM;FUSIBLE PROTECCION QUEMADO
CAUSE;CABLE;CABLE DANADO
PROBLEM;DRIVER_BSAP;DRIVER DE COMUNICACION BSAP
CAUSE;DANO.PETHERN;DANO EN PUERTO ETHERNET
REMEDY;CAMBIAR;CAMBIAR
REMEDY;RESET_LOCAL;REINICIO LOCAL
CAUSE;CABLE;CABLE DANADO
CAUSE;CONECTOR;CONECTOR DANADO
PROBLEM;DRIVER_DNP3;DRIVER DE COMUNICACION DNP3
PROBLEM;DRIVER_MODBUS;DRIVER DE COMUNICACION MODBUS
REMEDY;AJUSTAR;AJUSTAR
REMEDY;CAMBIAR;CAMBIAR
REMEDY;CAMBIAR;CAMBIAR
CAUSE;MODU.DI;MODULO ENTRADA DIGITAL
REMEDY;CONFIGUR;CONCENTRADOR DESCONFIGURADO
REMEDY;CONFIGUR;CONFIGURAR
REMEDY;REPARAR;REPARAR
PROBLEM;FALLABOMBA;NO ARRANCA LA BOMBA PRINCIPAL
REMEDY;REPARAR;REPARAR
REMEDY;REPARAR;REPARAR
REMEDY;REPARAR;REPARAR
CAUSE;CONTROL;DANO CONTROL
REMEDY;CAMBIAR;CAMBIAR
FAILURECLASS;REGU TENS;REGULADOR DE TENSION
REMEDY;CORREGIR;CORREGIR
CAUSE;CIRCUDISPA;DANO EN EL CIRCUITO DE CONTROL DE DISPARO
REMEDY;CORREGIR;CORREGIR
REMEDY;CORREGIR;CORREGIR
CAUSE;PERDIDAISLAMI;PERDIDA DE AISLAMIENTO
CAUSE;INTERRUABIER;INTERRUPTOR DE CAMPO ABIERTO
CAUSE;CIRCUITOABIER;CIRCUITO DE PT ABIERTO
CAUSE;BREAKPREABIER;BREAKER DE PREEXITACION ABIERTO
REMEDY;CORREGIR;CORREGIR
REMEDY;REPARAR;REPARAR
CAUSE;FALLABATERIA;AUSENCIA DE VOLTAJE DC POR FALLA DE LAS BATERIAS
REMEDY;CORREGIR;CORREGIR
CAUSE;CIRCUDISPA;DANO EN EL CIRCUITO DE CONTROL DE DISPARO
CAUSE;DANOTARJ;DANO EN LA TARJETA
CAUSE;DANMODULO;DANO DE MODULO
REMEDY;CAMBIAR;CAMBIAR
CAUSE;DANOTARJ;DANO EN LA TARJETA
REMEDY;REPARAR;REPARAR
PROBLEM;SOBRCALENT;SOBRECALENTAMIENTO
REMEDY;CAMBIAR;CAMBIAR
FAILURECLASS;TABLEROPOTENCIA;TABLERO DE POTENCIA
CAUSE;OBSTRUCFILTR;OBSTRUCCION DE FILTROS
FAILURECLASS;PUENTEGRUA;PUENTGRUA
CAUSE;DEFOR.RUPT;DEFORMACION RUPTURA FATIGA VIGAS Y UNIONES
REMEDY;REPARAR;REPARAR
REMEDY;REPARAR;REPARAR
REMEDY;CORREGIR;CORREGIR
CAUSE;APER.CORCIR;APERTURA O CORTO CIRCUITO CABLEADO ALIMENTADOR
CAUSE;CIRCUABIERT;NO SE DETECTA CORRIENTE EXITACION POR CIRCUITO ABIERTO
PROBLEM;VIBRACABLES;VIBRACION RUIDO EN SISTEMA CABLES
REMEDY;CAMBIAR;CAMBIAR
PROBLEM;ALARMAFLUJO;DA ALARMA POR FLUJO BAJO-ALTO, ESTANDO NORMAL
REMEDY;REPARAR;REPARAR
REMEDY;CORREGIR;CORREGIR
REMEDY;REPARAR;REPARAR
REMEDY;CORREGIR;CORREGIR
PROBLEM;PERDIDPRESI;PERDIDA DE PRESION EN EL SISTEMA
PROBLEM;TRANSF.CAL;TRANSFERENCIA DE CALOR INSUFICIENTE
REMEDY;CAMBIAR;CAMBIAR
REMEDY;AJUSTAR;AJUSTAR
REMEDY;AJUSTAR;AJUSTAR
FAILURECLASS;PLC;PLC
REMEDY;REMPLAZAR;REMPLAZAR
CAUSE;TARJ.ENTFALL;TARJETA DE ENTRADAS DIGITALES EN FALLA
CAUSE;OBSTRU.INTERC;OBSTRUCCION DE INTERCAMBIADOS
PROBLEM;ELU;FUGA ACEITE
REMEDY;REPARAR;REPARAR
CAUSE;RADIO;RADIO
REMEDY;REDIREC;REDIRECCIONAR
FAILURECLASS;ACERO;TUBERIA DE ACERO CARBONO
CAUSE;LIMP.DEF;LIMPIEZA INTERIOR TUBERIA DEFICIENTE
PROBLEM;RECUBRIM;DANO EN EL RECUBRIMIENTO
REMEDY;REPARAR;REPARAR
CAUSE;INST.TER;INSTALACION EN TERRENO INADECUADO
CAUSE;MAT.ORG;PRESENCIA AGUAS RESID Y/O MAT ORG EN ALREDEDORES
CAUSE;CORR.PAR;CORRIENTES PARASITAS
CAUSE;DESGASTE;DESGASTE, CORROSION, GRIETAS, FISURAS EN EL EQUIPO
CAUSE;TERCEROS;DANOS CAUSADOS POR TERCEROS (INCLUYE VANDALISMO)
REMEDY;CAMBIAR;CAMBIAR
REMEDY;CAMBIAR;CAMBIAR
CAUSE;INSTALAC;DEFECTO DE CONSTRUCCION, INSTALACION, MONTAJE
CAUSE;TERCEROS;DANOS CAUSADOS POR TERCEROS (INCLUYE VANDALISMO)
CAUSE;OPERAC;OPERACION INCORRECTA
REMEDY;REPARAR;REPARAR
CAUSE;CONTAMIN;ELEMENTOS EXTRANOS O CONTAMINANTES EN EL FLUIDO
CAUSE;CORR.INS;CORROSION POR INSTALACION NO ACORDE AL DISENO
CAUSE;FRAC.VAN;FRACTURA DEBIDO A VANDALISMO
CAUSE;QUEM.ATM;QUEMADO POR DESCARGA ATMOSFERICA
REMEDY;CAMBIAR;CAMBIAR
REMEDY;CAMBIAR;CAMBIAR
REMEDY;CAMBIAR;CAMBIAR
REMEDY;CAMBIAR;CAMBIAR
REMEDY;CAMBIAR;CAMBIAR
REMEDY;REPARAR;REPARAR
CAUSE;DESCONOCIDA;DESCONOCIDA
REMEDY;REPARAR;REPARAR
REMEDY;REPARAR;REPARAR
REMEDY;CAMBIAR;CAMBIAR
CAUSE;INSTALAC;DEFECTO DE CONSTRUCCION, INSTALACION, MONTAJE
REMEDY;REPARAR;REPARAR
REMEDY;CAMBIAR;CAMBIAR
REMEDY;CAMBIAR;CAMBIAR
REMEDY;LUBRIC;LUBRICAR
PROBLEM;BLOQUEOELCTR;BLOQUEO ELECTRICO MALO
CAUSE;TRINQUEPEGAD;TRINQUETE DE CIERRE/APERT PEGADO
REMEDY;LUBRICAR;LUBRICAR
PROBLEM;NOLUCEACEPTA;NO LUCE ACEPTABLE
REMEDY;ACOPLAR;ACOPLAR
CAUSE;MOTORQUEMAD;MOTOR QUEMADO
PROBLEM;MALAJUSTECON;MAL JUSTE EN LOS CONTACTO
REMEDY;CAMBIAR;CAMBIAR
REMEDY;SOLDAR;SOLDAR
CAUSE;CONTAMIN;ELEMENTOS EXTRANOS O CONTAMINANTES EN EL FLUIDO
CAUSE;EMPDANA;EMPAQUETADURA DAÑADA
PROBLEM;GRIECARC;GRIETAS EN CARCASA
REMEDY;CAMBIAR;CAMBIAR
FAILURECLASS;CCM;CENTRO CONTROL MOTORES
PROBLEM;VOL_RNG;SALIDA DE VOLTAJE FUERA DE RANGO
CAUSE;CON SUL;CONEXIONES SULFATADAS O FLOJAS (PUNTOS CONEXION CU)
REMEDY;REPARAR;REPARAR
REMEDY;REPARAR;REPARAR
REMEDY;CAMBIAR;CAMBIAR
CAUSE;RUPT.MEC;(SOLO LAB) DANO DE MECANISMO INTERNO
REMEDY;REPARAR;REPARAR
PROBLEM;FALT.PRES;FALTA PRESIÓN ACEITE
REMEDY;CAMBIAR;CAMBIAR
REMEDY;REPARAR;REPARAR
REMEDY;CAMBIAR;CAMBIAR
CAUSE;LIN_ENFRI_ROTA;LINEAS DEL SISTEMA DE ENFRIAMIENTO DESGASTADAS O ROTAS
REMEDY;REPONER;REPONER
PROBLEM;LLANTAS_FALLA;LLANTAS EN FALLA
CAUSE;FUGA_OIL;FUGA DE ACEITE
REMEDY;REPARAR;REPARAR
REMEDY;REMPLAZAR;REMPLAZAR
REMEDY;REPARAR;REPARAR
REMEDY;REMPLAZAR;REMPLAZAR
CAUSE;CORRINT;CORROSION INTERNA
REMEDY;REPARAR;REPARAR
REMEDY;REPARAR;REPARAR
REMEDY;CAMBIAR;CAMBIAR
CAUSE;TERCORRO;TERMINALES CORROIDAS
CAUSE;BIELAREVENTA;BIELA REVENTADA
CAUSE;DANOMECANICO;DANO MECANICO EN EL MECANISMO DE ACCINAMIENTO
REMEDY;CAMBIAR;CAMBIAR
REMEDY;LUBRICAR;LUBRICAR
REMEDY;CAMBIAR;CAMBIAR
CAUSE;DANOEMPAQUE;EMPAQUE DANADO
PROBLEM;INDICASUELTO;INDICADOR DE POSICION SUELTO
CAUSE;SUJECISUELTA;ELEMENTO DE SUJECION SUELTO
CAUSE;DESGASTE;DESGASTE, CORROSION, GRIETAS, FISURAS EN EL EQUIPO
REMEDY;CAMBIAR;CAMBIAR
REMEDY;CAMBIAR;CAMBIAR
PROBLEM;NOHAYINDICAC;NO HAY SEÑALIZACION ELECTRICA ESTADO INTERRUPTOR
CAUSE;FALALIMSEN;FALTA  ALIMENTACION EN EL CIRCUITO DE SENALIZACION
REMEDY;PINTAR;PINTAR
CAUSE;CABTIERROTO;CABLE DE PUESTA A TIERRA CON HILOS ROTOS
CAUSE;DESGASTE;DESGASTE, CORROSION, GRIETAS, FISURAS EN EL EQUIPO
CAUSE;TRANSFALLADO;TRANSFORMADOR FALLADO
REMEDY;DESOBSTRUIR;DESOBSTRUIR
CAUSE;UNIONDEFECTU;UNION DE BUJE DEFECTUOSA
REMEDY;CAMBIAR;CAMBIAR
CAUSE;FALALIMCTO;FALTA DE ALIMENTACION CIRCUITO DE ALIMENTACION
PROBLEM;FUGAACEITE;FUGA DE ACEITE
REMEDY;REPARAR;REPARAR
CAUSE;FALALIMCONT;FALLA DEBIDO A FALTA DE ALIMENTACION EN CONTROL
CAUSE;VENTILADANAD;VENTILADORES CON DANO MECANICO
CAUSE;FOSOSATURADO;FOSO SATURADO
CAUSE;DRENAJEOBSTRU;DRENAJES OBSTRUIDOS
REMEDY;LIMPIAR;LIMPIAR
REMEDY;CAMBIAR;CAMBIAR
CAUSE;CAMBLOMEC;CAMBIADOR BLOQUEADO MECANICAMENTE
PROBLEM;HUMEGABICONT;HUMEDAD EN GABINETE DE CONTROL
REMEDY;CAMBIAR;CAMBIAR
REMEDY;RECONSTRUIR;RECONSTRUIR
CAUSE;CORROSION;CORROSION
REMEDY;CAMBIAR;CAMBIAR
CAUSE;MOTORQUEMAD;MOTOR QUEMADO
REMEDY;CALIBRAR;CALIBRAR
CAUSE;EJESUELTO;EJE DE ACOPLE SUELTO
REMEDY;CAMBIAR;CAMBIAR
REMEDY;RESTABLECER;RESTABLECER
REMEDY;LUBRICAR;LUBRICAR
CAUSE;TRINQUEDESPO;TRINQUETE DESPOSICIONADO
CAUSE;SOBREPRESION;SOBREPRESION INTERNA EN EL POLO DEL INTERRUPTOR
PROBLEM;NOVISUAPRESI;NO SE VISUALIZA LA PRESION
REMEDY;CAMBIAR;CAMBIAR
CAUSE;MICROSUICDES;MICROSUICHE CARGA RESORTES E MAL CALIBRADO
PROBLEM;NOLUCEACEPTA;NO LUCE ACEPTABLE
CAUSE;GABINETEROTO;GABINETE DE CONTROL ROTO
CAUSE;EMPAQUEDANAD;EMPAQUETADURA DANADA
CAUSE;CABTIERROTO;CABLE DE PUESTA A TIERRA CON HILOS ROTOS
REMEDY;CAMBIAR;CAMBIAR
REMEDY;LUBRICAR;LUBRICAR
CAUSE;AMORTIDANADO;AMORTIGUADOR DE CIERRE DEFECTUOSO
CAUSE;CONTAMINACION;CONTAMINACION
CAUSE;FALALIMSEN;FALTA  ALIMENTACION EN EL CIRCUITO DE SENALIZACION
REMEDY;PINTAR;PINTAR
REMEDY;CALIBRAR;CALIBRAR
REMEDY;AJUSTAR;AJUSTAR
REMEDY;CONECTAR;CONECTAR
REMEDY;RESTABLECER;RESTABLECER
PROBLEM;PERDIDAGALVI;PERDIDA DE GALVANIZADO EN ESTRUCTURAS
CAUSE;CORROSION;CORROSION
CAUSE;SUCIEDAD;SUCIEDAD O CONTAMINACION EN EL EQUIPO
REMEDY;RESTABLECER;RESTABLECER
CAUSE;TARJCONTMALA;TARJETA DE CONTROL MALA
CAUSE;BREAKERMALO;BREAKER GENERAL MALO
CAUSE;BORNEABIERTO;BORNE ABIERTO
CAUSE;RELEFALLADO;RELE SENALIZACION FALLADO
REMEDY;LIMPIAR;LIMPIAR
CAUSE;SUCIEDAD;TRANSFORMADOR  DE POTENCIAL CORROIDO
CAUSE;DANOTOTAL;DANO TOTAL
CAUSE;DANOTOTAL;DANO TOTAL
REMEDY;CAMBIAR;CAMBIAR
CAUSE;PROTECTOR;DANO PROTECTOR
CAUSE;PERDI.CONFIG;PERDIDAD DE CONFIGURACION
REMEDY;CONFIGURAR;CONFIGURAR
PROBLEM;NO_OPERA;NO OPERA EL EQUIPO
REMEDY;REMPLAZAR;REMPLAZAR
CAUSE;RETEN_FALLA;SELLO O RETENEDOR EN FALLA
REMEDY;REMPLAZAR;REMPLAZAR
REMEDY;REMPLAZAR;REMPLAZAR
PROBLEM;OPERA_LENTO;EL EQUIPO OPERA LENTO
CAUSE;ACOP_BBA_FALLA;ACOPLE DE BOMBA HIDRAULICA EN FALLA
CAUSE;CORTO_SIST_ELE;CORTO EN EL SISTEMA ELECTRICO
CAUSE;CUCHA_CARG_FAL;CUCHARON CARGADOR EN FALLA, DEFECTUOSO O ROTO
PROBLEM;MOTOR_SOBRECAL;MOTOR SOBRECALENTADO
CAUSE;VENTILAD_FALLA;VENTILADOR DEL SISTEMA DE ENFRIAMIENTO EN FALLA
PROBLEM;CONVPAR_FALLA;CONVERTIDOR DE PAR EN FALLA
REMEDY;REMPLAZAR;REMPLAZAR
REMEDY;AJUSTAR;AJUSTAR
REMEDY;REPARAR;REPARAR
PROBLEM;LLANTAS_FALLA;LLANTAS EN FALLA
CAUSE;LLANTA_ROTA;LLANTAS EN FALLA POR GOLPE O ROTURA
CAUSE;ATMOSF;ROTURA POR DESCARGA ATMOSFERICA
REMEDY;CAMBIAR;CAMBIAR
CAUSE;BORNEABIERTO;BORNE ABIERTO
REMEDY;CAMBIAR;CAMBIAR
CAUSE;DANOSISTTRAN;DANO EN EL SISTEMA DE TRANSFERENCIA
CAUSE;FALTAALIMENT;FALTA ALIMENTACION DE CA/CD
CAUSE;FILTROSUCIO;FILTRO SUCIO
REMEDY;PINTAR;PINTAR
PROBLEM;VAELFUERANGO;VARIABLE ELECTRICA ENTREGADA FUERA DE RANGO
REMEDY;RESTABLECER;RESTABLECER
REMEDY;REPARAR;REPARAR
CAUSE;FALLACOMB;FALLA SISTEMA  COMBUSTIBLE
REMEDY;APRETAR;APRETAR
PROBLEM;FALLACONTR;FALLA  CONTROL
REMEDY;CAMBIAR;CAMBIAR
PROBLEM;INSTR.NIV.TEMP;FALLA INSTRUMENTACION  (NIVEL, RPM, TEMPERATURA)
FAILURECLASS;ROTAGEN;ROTATIVOS GENERICO
PROBLEM;FUGASELL;FUGA DE SELLO MECÁNICO
REMEDY;REPARAR;REPARAR
CAUSE;PRESSELL;BAJA PRESION SELLO
REMEDY;LIMPIAR;LIMPIAR
REMEDY;CAMBIAR;CAMBIAR
REMEDY;CAMBIAR;CAMBIAR
CAUSE;FALL.MECA;FALLA MECANICA
CAUSE;DESGECOB;DESGASTE EXCESIVO ESCOBILLAS
REMEDY;REPARAR;REPARAR
CAUSE;INSTALAC;DEFECTO DE CONSTRUCCION, INSTALACION, MONTAJE
REMEDY;REPARAR;REPARAR
CAUSE;ATENTADO;ATENTADO
REMEDY;REPARAR;REPARAR
CAUSE;CONTAMIN;ELEMENTOS EXTRANOS O CONTAMINANTES EN EL FLUIDO
REMEDY;REPARAR;REPARAR
REMEDY;LIMPIAR;LIMPIAR
CAUSE;TERCEROS;DANOS CAUSADOS POR TERCEROS (INCLUYE VANDALISMO)
REMEDY;CAMBIAR;CAMBIAR
PROBLEM;SINENERG;SIN ENERGIA
REMEDY;REPARAR;REPARAR
REMEDY;INSPECCI;INSPECCI
REMEDY;INSPECCI;INSPECCIONAR
PROBLEM;DEF.ESTR;DEFICIENCIA ESTRUCTURAL
REMEDY;CAMBIAR;CAMBIAR
REMEDY;REPRGAM;REPROGRAMAR
REMEDY;REPARAR;REPARAR
REMEDY;REPARAR;REPARAR
REMEDY;CAMBIAR;CAMBIAR
PROBLEM;CONECTDEFECT;CONECTOR DEFECTUOSO
REMEDY;CAMBIAR;CAMBIAR
REMEDY;AJUSTAR;AJUSTAR
REMEDY;CAMBIAR;CAMBIAR
CAUSE;DANOTOTAL;DANO TOTAL
CAUSE;APUNTANTENA;MAL APUNTAMIENTO DE ANTENA
REMEDY;AJUSTAR;AJUSTAR
CAUSE;PROTECTOR;DANO PROTECTOR
PROBLEM;PROTECCIONES;PROTECCIONES
CAUSE;PROTECTOR;DANO PROTECTOR
REMEDY;CAMBIAR;CAMBIAR
PROBLEM;PROTECCIONES;PROTECCIONES
CAUSE;PERDIDATOS;PERDIDAD DE DATOS
REMEDY;AJUSTAR;AJUSTAR
REMEDY;CAMBIAR;CAMBIAR
CAUSE;CONTROL;DANO CONTROL
REMEDY;CAMBIAR;CAMBIAR
REMEDY;RESET_REMOTO;REINICIO REMOTO
REMEDY;AJUSTAR;AJUSTAR
CAUSE;CONECTOR;CONECTOR DANADO
REMEDY;AJUSTAR;AJUSTAR
REMEDY;CAMBIAR;CAMBIAR
REMEDY;AJUSTAR;AJUSTAR
REMEDY;CONFIGURAR;CONFIGURAR
PROBLEM;PTO_ETHERNET;PUERTO ETHERNET
REMEDY;CAMBIAR;CAMBIAR
REMEDY;AJUSTAR;AJUSTAR
REMEDY;CAMBIAR;CAMBIAR
REMEDY;CAMBIAR;CAMBIAR
CAUSE;CONECTOR;CONECTOR DANADO
REMEDY;CAMBIAR;CAMBIAR
CAUSE;DNP3.CORRUP;DRIVER DNP3 CORRUPTO
REMEDY;RESET_LOCAL;REINICIO LOCAL
REMEDY;RESET_LOCAL;REINICIO LOCAL
CAUSE;CONECTOR;CONECTOR DANADO
PROBLEM;DRIVER_104;DRIVER DE COMUNICACION 104
CAUSE;MODU.AI;MODULO ENTRADA ANALOGA
REMEDY;CAMBIAR;CAMBIAR
CAUSE;CONTROL;DANO CONTROL
CAUSE;DANO.VALVU;DANO DE VALVULAS
PROBLEM;PRESIONOBARES;PRESIÓN NO ALCANZA LOS BARES
PROBLEM;NOCORRIENTE;NO PROPORCIONA LA CORRIENTE DC NECESARIA
CAUSE;CIRCUDISPA;DANO EN EL CIRCUITO DE CONTROL DE DISPARO
PROBLEM;NOPOTENCIAREAC;NO ENTREGA POTENCIA REACTIVA
PROBLEM;DANOREGULTENS;NO PERMITE EL CONTROL DEL REGULADOR DE TENSION
REMEDY;REPARAR;REPARAR
CAUSE;OPESISTCONTR;MALA OPERACIÓN DEL SISTEMA DE CONTROL
REMEDY;CALIBRAR;CALIBRAR
CAUSE;SISTIRISTO;DANO DE SISTEMA DE TIRISTORES
CAUSE;FALALIMTABLE;FALTA ALMIENTACION EN TABLERO
REMEDY;CORREGIR;CORREGIR
PROBLEM;ESTA50%VOLTAJ;ESTATOR NO ALCANZA 50% DE VOLTAJE NOMINAL
PROBLEM;FALLABATERIA;AUSENCIA DE VOLTAJE DC POR FALLA DE LAS BATERIAS
PROBLEM;NOSENSVELOCID;NO SENSA LA VELOCIDAD
CAUSE;REALIMEN;DANO EN LA REALIMENTACION
CAUSE;DANOTARJ;DANO EN LA TARJETA
REMEDY;CORREGIR;CORREGIR
REMEDY;CORREGIR;CORREGIR
REMEDY;REPARAR;REPARAR
CAUSE;QUEMADO;COMPONENTE QUEMADO
REMEDY;REPARAR;REPARAR
REMEDY;CAMBIAR;CAMBIAR
PROBLEM;ELU;FUGA ACEITE
REMEDY;REPARAR;REPARAR
REMEDY;REPARAR;REPARAR
CAUSE;DESGAS.RUED;DESGASTE RUEDAS
PROBLEM;FALLA.FRENOIZA;RESBALAMIENTO POR FALLA FRENO IZAJE
REMEDY;CAMBIAR;CAMBIAR
CAUSE;MAL.CONTACTO;MAL  CONTACTO ELEMENTOS
CAUSE;PERD.AISLAM;PERDIDA DE AISLAMIENTO BOBINADO MOTORES
CAUSE;DESGASTE;DESGASTE DEL MATERIAL
REMEDY;REPARAR;REPARAR
REMEDY;REPARAR;REPARAR
CAUSE;CIRCUABIERT;NO SE DETECTA CORRIENTE EXITACION POR CIRCUITO ABIERTO
REMEDY;CAMBIAR;CAMBIAR
CAUSE;SENSDEFEC;SENSORES DEFECTUOSOS
PROBLEM;DESCON.PARAME;DESCONFIGURACION  PARAMETROS EN EL CONTROLADOR DE TEMPERATURA O TRANSDUCTOR DE NIVEL.
PROBLEM;ALTNIV.COJI;ALTO NIVEL EN COJINTE
PROBLEM;TAPAD/AHOGA;TAPADO/AHOGADO
FAILURECLASS;RELEPROTECCION;RELE DE PROTECCION
CAUSE;AUSENCONT;AUSENCIA DE CONTROL/PROTECCION
REMEDY;CAMBIAR;CAMBIAR
CAUSE;FALLPROG;FALLA EN PROGRAMA
REMEDY;CAMBIAR;CAMBIAR
CAUSE;FUEN.ALIME.QUEM;FUENTE DE ALIMENTACION QUEMADA
REMEDY;CAMBIAR;CAMBIAR
REMEDY;CAMBIAR;CAMBIAR
REMEDY;CAMBIAR;CAMBIAR
CAUSE;BORN.FLOJ;BORNES O TARJETAS FLOJAS EN GABINETE
REMEDY;CAMBIAR;CAMBIAR
REMEDY;REPARAR;REPARAR
REMEDY;REPARAR;REPARAR
PROBLEM;CORT.SOBREC;CORTOCIRCUITO, SOBRECARGA
REMEDY;CAMBIAR;CAMBIAR
REMEDY;CAMBIAR;CAMBIAR
REMEDY;CAMBIAR;CAMBIAR
REMEDY;AJUSTAR;AJUSTAR
REMEDY;CAMBIAR;CAMBIAR
REMEDY;REPARAR;REPARAR
REMEDY;CAMBIAR;CAMBIAR
CAUSE;DESGASTE;DESGASTE DEL MATERIAL
REMEDY;CAMBIAR;CAMBIAR
REMEDY;REPARAR;REPARAR
CAUSE;INSTALAC;DEFECTO DE CONSTRUCCION, INSTALACION, MONTAJE
REMEDY;REPARAR;REPARAR
CAUSE;DESGASTE;DESGASTE, CORROSION, GRIETAS, FISURAS EN EL EQUIPO
REMEDY;REPARAR;REPARAR
CAUSE;ACCESORIO;FALLA EN ACCESORIO (VALVULA, SELLO, EMPAQUE, BRIDA)
CAUSE;INSTALAC;DEFECTO DE CONSTRUCCION, INSTALACION, MONTAJE
PROBLEM;FALL.AIS;FALLA DE AISLADORES
REMEDY;CAMBIAR;CAMBIAR
CAUSE;FRAC.ATM;FRACTURA DEBIDO A DESCARGA ATMOSFERICA
REMEDY;CAMBIAR;CAMBIAR
CAUSE;CONEFLO;CONEXION FLOJA O REVENTADA
REMEDY;REPARAR;REPARAR
PROBLEM;FALL.AIC;FALLA EN AISLAMIENTO DEL CABLE
PROBLEM;FALL.LIN;FALLA EN LINEA O CONDUCTOR
CAUSE;CAPA.CI;FALTA DE CAPACIDAD POR CONSTRUCCION INADECUDADA
CAUSE;TERCEROS;DANOS CAUSADOS POR TERCEROS (INCLUYE VANDALISMO)
CAUSE;DESG.OBS;ENVEJECIMIENTO DEL MATERIAL
CAUSE;DISP.ATM;(SOLO OPERACION) DISPARO POR DESCARGA ATMOSFERICA
REMEDY;AJUSTAR;AJUSTAR
PROBLEM;GIRO.PAR;VALVULA GIRA PARCIALMENTE
CAUSE;CONTELECHIDRA;DANO DEL CONTROL ELECTROHIDRAÚLICO
CAUSE;FACT.HUM;FACTOR HUMANO (MALA INSTALACION)
REMEDY;REPARAR;REPARAR
PROBLEM;CONTELECHIDRA;DANO DEL CONTROL ELECTROHIDRAÚLICO
CAUSE;FACT.HUM;FACTOR HUMANO (MALA INSTALACION)
REMEDY;REINSTAL;REINSTALAR
PROBLEM;F.APE/CI;FALLA AL ABRIR O AL CERRAR
CAUSE;FLAMEO;FLAMEO
REMEDY;CAMBIAR;CAMBIAR
CAUSE;BIELAREVENTA;BIELA REVENTADA
CAUSE;EJESUELTO;EJE DE ACOPLE SUELTO
REMEDY;LUBRICAR;LUBRICAR
CAUSE;BIELAREVENTA;BIELA REVENTADA
REMEDY;CAMBIAR;CAMBIAR
CAUSE;BOBINAQUEMAD;FALLA DEBIDO A BOBINA DE CIERRE/APERT QUEMADA
REMEDY;CALIBRAR;CALIBRAR
REMEDY;CAMBIAR;CAMBIAR
CAUSE;GABINETEROTO;GABINETE DE CONTROL ROTO
REMEDY;REPARAR;REPARAR
REMEDY;PINTAR;PINTAR
CAUSE;IMPDANA;IMPULSOR DAÑADO/DESGASTADO
PROBLEM;BAJODESP;BAJO DESEMPENO, PRESIÓN/FLUJO
CAUSE;PRESSELL;BAJA PRESION SELLO
REMEDY;REPARAR;REPARAR
CAUSE;CAVITACI;CAVITACION
REMEDY;CAMBIAR;CAMBIAR
PROBLEM;SOBRECAL;SOBRECALENTADA(O)
REMEDY;REPARAR;REPARAR
REMEDY;REPARAR;REPARAR
REMEDY;REPARAR;REPARAR
REMEDY;CAMBIAR;CAMBIAR
CAUSE;CBL.CONT;CABLE DE CONTROL O CONEXIONES SUELTAS O DANADAS
REMEDY;CAMBIAR;CAMBIAR
REMEDY;DESBLOQ;DESBLOQUEAR
CAUSE;CONT.DES;CONTACTOS DESGASTADOS
REMEDY;AJUSTAR;AJUSTAR
PROBLEM;ALTA.TEMP;ALTA TEMPERATURA
CAUSE;DESG.VALV;DESGASTE EN VALVULAS
REMEDY;CAMBIAR;CAMBIAR
CAUSE;DESG.CILI;DESGASTE EN CILINDROS
REMEDY;LIMPIAR;LIMPIAR
REMEDY;CAMBIAR;CAMBIAR
CAUSE;FILT.SUCIO;FILTRO SUCIO
REMEDY;REMPLAZAR;REMPLAZAR
REMEDY;REMPLAZAR;REMPLAZAR
REMEDY;REMPLAZAR;REMPLAZAR
CAUSE;CORREXT;CORROSION EXTERNA
CAUSE;DESGASTE;DESGASTE DEL MATERIAL
REMEDY;CAMBIAR;CAMBIAR
REMEDY;CAMBIAR;CAMBIAR
REMEDY;CAMBIAR;CAMBIAR
REMEDY;CAMBIAR;CAMBIAR
CAUSE;FALALIMCONT;FALLA DEBIDO A FALTA DE ALIMENTACION EN CONTROL
CAUSE;TRINQUEPEGAD;TRINQUETE DE CIERRE/APERT PEGADO
REMEDY;CALIBRAR;CALIBRAR
CAUSE;PRESISF6BAJA;BAJA PRESION DE SF6
REMEDY;INSUFLAR;INSUFLAR
REMEDY;RESTABLECER;RESTABLECER
CAUSE;MOTORQUEMAD;MOTOR QUEMADO
CAUSE;PRESISF6BAJA;BAJA PRESION DE SF6
REMEDY;ACOPLAR;ACOPLAR
CAUSE;FALALIMSEN;FALTA  ALIMENTACION EN EL CIRCUITO DE SENALIZACION
REMEDY;RESTABLECER;RESTABLECER
REMEDY;CAMBIAR;CAMBIAR
REMEDY;CAMBIAR;CAMBIAR
REMEDY;CAMBIAR;CAMBIAR
CAUSE;CALENTAMIENTO;CALENTAMIENTO
REMEDY;SOLDAR;SOLDAR
PROBLEM;PERDIDAGALVI;PERDIDA DE GALVANIZADO EN ESTRUCTURAS
REMEDY;PINTAR;PINTAR
REMEDY;CAMBIAR;CAMBIAR
PROBLEM;DANOINFRAEST;DANO INFRAESTUCTURA DE SOPORTE
CAUSE;FUNDACDETERI;FUNDACION DETERIORADA
PROBLEM;VALCHECMALA;VALVULA CHECK MALA
PROBLEM;NOENVSENALAR;NO ENVIA SENAL ALARMA
CAUSE;SILICAMALA;SILICA MALA
REMEDY;CAMBIAR;CAMBIAR
CAUSE;DESHFALLADO;DESHUMIFICADOR FALLADO
REMEDY;CAMBIAR;CAMBIAR
REMEDY;REPARAR;REPARAR
CAUSE;VALVMALCERRA;VALVULA MAL CERRADA
PROBLEM;FALLASISREFR;FALLA  SISTEMA DE REFRIGERACION DEL TRANSFORMADOR
REMEDY;RESTABLECER;RESTABLECER
CAUSE;RADIADOROBST;RADIADOR OBSTRUIDO
REMEDY;CAMBIAR;CAMBIAR
PROBLEM;PERDIDAGALVI;PERDIDA DE GALVANIZADO EN ESTRUCTURAS
REMEDY;RESTABLECER;RESTABLECER
REMEDY;RESTABLECER;RESTABLECER
REMEDY;CALIBRAR;CALIBRAR
CAUSE;FALSENTENPOT;FALTA SENAL DE TENSION DESDE LOS POTENCIALES
REMEDY;REVISAR;REVISAR
PROBLEM;NOVAVOSARESC;NO VARIA VOLTAJE SALIDA TRAFO REGULADOR SIN CARGA
REMEDY;REPARAR;REPARAR
CAUSE;GABINETEROTO;GABINETE DE CONTROL ROTO
CAUSE;FUNDACDETERI;FUNDACION DETERIORADA
CAUSE;SUCIEDAD;SUCIEDAD O CONTAMINACION EN EL EQUIPO
CAUSE;AISLADORREVE;AISLADORREVE
CAUSE;TRINQUEPEGAD;TRINQUETE DE CIERRE/APERT PEGADO
CAUSE;AISLADORREVE;FALLA DEBIDO A AISLADOR GIRATORIO REVENTADO
CAUSE;AISLADORROTO;AISLADOR ROTO
REMEDY;CAMBIAR;CAMBIAR
CAUSE;DESGASTE;DESGASTE DEL MATERIAL
CAUSE;SUICHEDESCAL;SUICHE TAMBOR DESPOSICIONADO
REMEDY;CALIBRAR;CALIBRAR
CAUSE;SUCIEDAD;SUCIEDAD O CONTAMINACION EN EL EQUIPO
REMEDY;LIMPIAR;LIMPIAR
REMEDY;CAMBIAR;CAMBIAR
REMEDY;CAMBIAR;CAMBIAR
PROBLEM;CONECTDEFECT;CONECTOR DEFECTUOSO
CAUSE;CALENTAMIENTO;CALENTAMIENTO
PROBLEM;FALLACIERRE;NO CIERRA
CAUSE;BOBINAQUEMAD;FALLA DEBIDO A BOBINA DE CIERRE/APERT QUEMADA
REMEDY;CALIBRAR;CALIBRAR
CAUSE;BIELAREVENTA;BIELA REVENTADA
REMEDY;CAMBIAR;CAMBIAR
PROBLEM;FALLAAPERTUR;NO ABRE
REMEDY;CAMBIAR;CAMBIAR
CAUSE;BIELAREVENTA;BIELA REVENTADA
PROBLEM;NOLUCEACEPTA;NO LUCE ACEPTABLE
CAUSE;GATILLODANAD;GATILLO APERTURA/CIERRE DEFECTUOSO
PROBLEM;PUETIEFAL;PUESTA A TIERRA   EN MAL ESTADO
CAUSE;MALAJUPTATIE;MAL AJUSTE DEL SISTEMA DE PUESTA A TIERRA
REMEDY;PINTAR;PINTAR
FAILURECLASS;TRAFOPOTE;TRANSFORMADOR DE POTENCIAL
PROBLEM;NOTRANSFOR;NO TRANSFORMA TENSIONES Y/O CORRIENTES
CAUSE;TERMINALSUEL;TERMINALES SUELTAS
PROBLEM;PERDIDASENAL;PERDIDA DE LA SENAL
CAUSE;TERMINALSUEL;TERMINALES SUELTAS
REMEDY;REPARAR;REPARAR
REMEDY;CERRAR;CERRAR
CAUSE;INDICADORDAN;INDICADOR DANADO
REMEDY;CAMBIAR;CAMBIAR
CAUSE;CONTACDANADO;CONTACTO DEL INSTRUMENTO DANADO
PROBLEM;VAELFUERANGO;VARIABLE ELECTRICA ENTREGADA FUERA DE RANGO
CAUSE;GABINETEROTO;GABINETE DE CONTROL ROTO
REMEDY;REPARAR;REPARAR
REMEDY;CAMBIAR;CAMBIAR
PROBLEM;DISP.BLO;BLOQUEO DEL DISPOSITIVO
CAUSE;BLOQUEO;BLOQUEO
CAUSE;NIVEL_HCO_BAJO;BAJO NIVEL DE FLUIDO HIDRAULICO
CAUSE;CIL_HCO_FALLA;CILINDRO HIDRAULICO EN FALLA
REMEDY;REPARAR;REPARAR
CAUSE;NIVEL_OIL_BAJO;BAJO NIVEL DE ACEITE
REMEDY;REPARAR;REPARAR
REMEDY;REMPLAZAR;REMPLAZAR
REMEDY;REPARAR;REPARAR
REMEDY;CARGAR;CARGAR
CAUSE;BBA_AGUA_FALLA;BOMBA DE AGUA EN FALLA
REMEDY;REPONER;REPONER
CAUSE;RADIADR_OBSTRU;RADIADOR OBSTRUIDO
REMEDY;REMPLAZAR;REMPLAZAR
CAUSE;DISC_EMB_FALLA;DISCO DEL EMBRAGUE DESGASTADO O DEFORMADO
REMEDY;REPARAR;REPARAR
CAUSE;RODAMIEN_FALLA;RODAMIENTOS Y COJINETES EN FALLA POR DESGASTE
CAUSE;CORTO_SIST_ELE;CORTO EN EL SISTEMA ELECTRICO
CAUSE;FUSIBLE_MALO;FUSIBLES DEFECTUOSOS
REMEDY;REMPLAZAR;REMPLAZAR
REMEDY;REMPLAZAR;REMPLAZAR
CAUSE;VANDALI;VANDALISMO
CAUSE;FUENTEABIERT;FUENTE ABIERTA
CAUSE;BREAKERABIER;BREAKER DE PROTECCION ABIERTO
PROBLEM;BARRA ABIERTA;BARRA ABIERTA
PROBLEM;AISLADORFALL;AISLADOR DEFECTUOSO
REMEDY;CAMBIAR;CAMBIAR
PROBLEM;NOMUESVARIE;PERDIDA  INDICACION DE LAS VARIABLES ELECTRICAS
REMEDY;REPARAR;REPARAR
CAUSE;FALLAMOTOR;FALLA MOTOR
PROBLEM;NOSUPERVARIA;NO HAY SUPERVISION VARIABLES ELECTRICAS MECANICAS
CAUSE;SUCIEDAD;TRANSFORMADOR  DE POTENCIAL CORROIDO
CAUSE;CORROSION;CORROSION
REMEDY;CAMBIAR;CAMBIAR
CAUSE;DISPOSMALO;DISPOSITIVO ARRANQUE ENSAYO AUTOMATICO MALO
PROBLEM;CABPUETIEFAL;CABLE DE PUESTA A TIERRA SUELTO O EN MAL ESTADO /AUSENTE
REMEDY;REPARAR;REPARAR
CAUSE;FALLA.CONTADOR;FALLA ELEMENTOS O CONTADOR
REMEDY;REPARAR;REPARAR
REMEDY;CAMBIAR;CAMBIAR
REMEDY;BALANCEA;BALANCEAR
REMEDY;CAMBIAR;CAMBIAR
REMEDY;CAMBIAR;CAMBIAR
CAUSE;PRESSELL;BAJA PRESION SELLO
REMEDY;REPARAR;REPARAR
CAUSE;TRANSMIS1;FALLA TRANSMISION
REMEDY;CAMBIAR;CAMBIAR
REMEDY;REPARAR;REPARAR
REMEDY;CAMBIAR;CAMBIAR
REMEDY;CAMBIAR;CAMBIAR
CAUSE;RODFALLA;RODAMIENTO FALLADO
PROBLEM;RUI.EXC;RUIDO EXCESIVO
CAUSE;DESGECOB;DESGASTE EXCESIVO ESCOBILLAS
CAUSE;DESGASTE;DESGASTE DEL MATERIAL
REMEDY;CAMBIAR;CAMBIAR
REMEDY;CAMBIAR;CAMBIAR
CAUSE;CORREXT;CORROSION EXTERNA
REMEDY;CAMBIAR;CAMBIAR
REMEDY;REPARAR;REPARAR
REMEDY;CAMBIAR;CAMBIAR
REMEDY;LIMPIAR;LIMPIAR
REMEDY;REPARAR;REPARAR
REMEDY;REPARAR;REPARAR
REMEDY;REPARAR;REPARAR
REMEDY;INSPECCI;INSPECCIONAR
CAUSE;CABLESUELTO;CABLE DE PUESTA A TIERRA SUELTO
REMEDY;CONECTAR;CONECTAR
REMEDY;REPARAR;REPARAR
REMEDY;INSPECCI;INSPECCI
REMEDY;REPARAR;REPARAR
FAILURECLASS;COMUGEN;COMUNICACIONES GENERICO
CAUSE;FAL.ALIM;FALLA DE ALIMENTACIÓN
REMEDY;REPARAR;REPARAR
REMEDY;INSPECCI;INSPECCI
CAUSE;MODEM;MODEM
REMEDY;CAMBIAR;CAMBIAR
CAUSE;RADIO;RADIO
REMEDY;CAMBIAR;CAMBIAR
REMEDY;CAMBIAR;CAMBIAR
PROBLEM;ESTRUCT;DANO EN RECUBRIMIENTO, ABOLLADURA, DEFORMACION
CAUSE;INSTALAC;DEFECTO DE CONSTRUCCION, INSTALACION, MONTAJE
CAUSE;INSTALAC;DEFECTO DE CONSTRUCCION, INSTALACION, MONTAJE
REMEDY;CAMBIAR;CAMBIAR
REMEDY;CAMBIAR;CAMBIAR
PROBLEM;DISP.BLO;BLOQUEO DEL DISPOSITIVO
REMEDY;CAMBIAR;CAMBIAR
CAUSE;OBST.VEGETA;OBSTRUCCION VEGETACION
REMEDY;CAMBIAR;CAMBIAR
CAUSE;PROTECTOR;DANO PROTECTOR
PROBLEM;CONFIGURACION;CONFIGURACION
PROBLEM;IDU;UNIDAD DE ACCESO INTERIOR
REMEDY;CAMBIAR;CAMBIAR
REMEDY;CONFIGURAR;CONFIGURAR
CAUSE;DESCONFIPROTO;DESCONFIGURACION DE PROTOCOLO
CAUSE;BLOQUEO;BLOQUEO
REMEDY;REINICIAR;REINICIAR
PROBLEM;CONFIGURACION;CONFIGURACION
REMEDY;RECARGAR;RECARGAR
FAILURECLASS;SW;SWITCH DE COMUNICACION
CAUSE;PUERTO;DANO EN PUERTO
CAUSE;BLOQUEO;BLOQUEO
PROBLEM;ENRUTAMIENTO;ENRUTAMIENTO
CAUSE;DESCONFIPROTO;DESCONFIGURACION DE PROTOCOLO
CAUSE;DANSISOPERATI;DANO SISTEMA OPERATIVO
REMEDY;REINSTALAR;REINSTALAR
REMEDY;CAMBIAR;CAMBIAR
CAUSE;HURTO;HURTO
CAUSE;AVERIA;AVERIA ESTRUCTURA
REMEDY;REPARAR;REPARAR
PROBLEM;NODESCVOLTCOR;NO DESCONECTA EL VOLTAJE Y LA CORRIENTE DEL ROTOR
REMEDY;REPARAR;REPARAR
REMEDY;REPARAR;REPARAR
REMEDY;CONFIGURAR;CONFIGURAR
REMEDY;CAMBIAR;CAMBIAR
PROBLEM;CONTROLAD;CONTROLADOR
PROBLEM;BATERIA;BATERIA
CAUSE;DANOTOTAL;DANO TOTAL
REMEDY;CARGAR;CARGAR
REMEDY;CAMBIAR;CAMBIAR
CAUSE;PROG.CORRUP;PROGRAMA CORRUPTO
REMEDY;CARGAR;CARGAR
CAUSE;CONECTOR;CONECTOR DANADO
REMEDY;RESET_REMOTO;REINICIO REMOTO
CAUSE;CABLE;CABLE DANADO
REMEDY;AJUSTAR;AJUSTAR
CAUSE;CABLE;CABLE DANADO
PROBLEM;CANGEST_BLOQ;CANAL DE GESTION BLOQUEADO
CAUSE;FUENTE.APAG;FUENTE APAGADA
CAUSE;BATE.DESCAR;BATERIA DESCARGADA
REMEDY;AJUSTAR;AJUSTAR
CAUSE;104.CORRUP;DRIVER 104 CORRUPTO
CAUSE;CABLE;CABLE DANADO
PROBLEM;PTO_SERIAL;PUERTO SERIAL
REMEDY;AJUSTAR;AJUSTAR
REMEDY;CONFIGUR;CONCENTRADOR DESCONFIGURADO
PROBLEM;NOBOMBEA;NO BOMBEA FLUIDO
CAUSE;DANO.VALVU;DANO DE VALVULAS
REMEDY;CORREGIR;CORREGIR
REMEDY;CAMBIAR;CAMBIAR
REMEDY;CALIBRAR;CALIBRAR
CAUSE;PERDIAISLAMI;PERDIDA DE AISLAMIENTO DEL ROTOR
CAUSE;CONSIGNOPERAT;CONSIGNA OPERATIVA POR ENCIMA DEL VALOR MAXIMO
PROBLEM;TCALOTIRISTOR;NO TRANSFERENCIA DE CALOR EN PUENTES DE TIRISTORES
CAUSE;CONTROL;DANO CONTROL
CAUSE;SISMECANIBLOQ;SISTEMA MECANICO ATASCADO
REMEDY;CORREGIR;CORREGIR
PROBLEM;NOVELOCMAQUI;NO PROCESA VELOCIDAD DE LA MAQUINA
PROBLEM;FALSUMINIS;FALLA EN FUNCIONAMIENTO CUANDO ES REQUERIDO
CAUSE;FILTRACTANQ;FILTRACION EN TANQUE
REMEDY;REPARAR;REPARAR
CAUSE;FALTA.LUBRIC;FALTA LUBRICACION
CAUSE;DESGASTE;DESGASTE DEL MATERIAL
PROBLEM;FALLACONTR;FALLA  CONTROL
CAUSE;FALL.TARG.ELECT;FALLAN TARJETAS ELECTRONICAS  DE CONTROL
PROBLEM;NOENVSENALAR;NO ENVIA SENAL ALARMA
PROBLEM;NOGIROROTOR;NO PERMITE GIRO CENTRADO DEL ROTOR
CAUSE;INSTALAC;DEFECTO DE CONSTRUCCION, INSTALACION, MONTAJE
CAUSE;CONTAM.SEDIMEN;CONTAMINACION - SEDIMENTACION
REMEDY;AJUSTAR;AJUSTAR
CAUSE;FALLFUNCIONA;FALLA EN FUNCIONAMIENTO CUANDO ES REQUERIDO
CAUSE;PROGCONTR;PROGRAMA DE CONTROL PARADO
REMEDY;REINICIAR;REINICIAR
REMEDY;LIMPIAR;LIMPIAR
REMEDY;LIMPIAR;LIMPIAR
CAUSE;QUEMADO;COMPONENTE QUEMADO
REMEDY;CAMBIAR;CAMBIAR
CAUSE;FALLAISLAM;FALLA AISLAMIENTO ELECTRICO ENTRE FASES
REMEDY;REPARAR;REPARAR
CAUSE;ELU;FUGA ACEITE
REMEDY;REPARAR;REPARAR
CAUSE;OBSTRUCFILTR;OBSTRUCCION DE FILTROS
REMEDY;CAMBIAR;CAMBIAR
CAUSE;BRIDA;BRIDA DEFICIENTE
REMEDY;REPARAR;REPARAR
REMEDY;CAMBIAR;CAMBIAR
CAUSE;TERCERO;DANO OCASIONADO POR TERCERO (VANDALISMO)
CAUSE;SOBREPRE;SOBREPRESION
REMEDY;CAMBIAR;CAMBIAR
REMEDY;REPARAR;REPARAR
REMEDY;REPARAR;REPARAR
CAUSE;DESPLTER;DESPLAZAMIENTO DEL TERRENO, DESLIZAMIENTO, EROSION
FAILURECLASS;RED.PRI;RED PRIMARIA (CONDUCTOR Y ACCESORIOS)
REMEDY;LIMPIAR;LIMPIAR
REMEDY;CAMBIAR;CAMBIAR
CAUSE;FAT.MAT;FATIGA POR MATERIALES DE MALA CALIDAD
CAUSE;DESG.MC;DESGASTE POR MATERIALES DE MALA CALIDAD
PROBLEM;FALL.PT;FALLA DE PUESTA A TIERRA
REMEDY;MODIFICA;MODIFICAR. RECTIFICAR RED
REMEDY;RETIRAR;RETIRAR
REMEDY;RETIRAR;RETIRAR
REMEDY;CAMBIAR;CAMBIAR
REMEDY;CAMBIAR;CAMBIAR
CAUSE;FALT.LUB;FALTA DE LUBRICACION
PROBLEM;FUGAEXT;FUGA EXTERNA
REMEDY;CAMBIAR;CAMBIAR
CAUSE;RECORRIVALVU;VÁLVULA DE ADMISION NO HA TERMINADO SU RECORRIDO
REMEDY;REPARAR;REPARAR
CAUSE;CIERREDEFEC;CIERRE DEFECTUOSO
CAUSE;DESGASTE;DESGASTE DEL MATERIAL
CAUSE;DESAJUMECANI;DESAJUSTE MECANICO
CAUSE;SUCIEDAD;SUCIEDAD O CONTAMINACION EN EL EQUIPO
CAUSE;CORROSION;CORROSION
PROBLEM;FALLACIERRE;NO CIERRA
CAUSE;BOBINAQUEMAD;FALLA DEBIDO A BOBINA DE CIERRE/APERT QUEMADA
REMEDY;REPARAR;REPARAR
REMEDY;ACOPLAR;ACOPLAR
REMEDY;LUBRICAR;LUBRICAR
CAUSE;CONTACTODESG;CONTACTOS DESGASTADOS
PROBLEM;CONECTDEFECT;CONECTOR DEFECTUOSO
CAUSE;CALENTAMIENTO;CALENTAMIENTO
REMEDY;CAMBIAR;CAMBIAR
CAUSE;CALEFACCMALA;CALEFACCION MALA
CAUSE;CABLESUELTO;CABLE DE PUESTA A TIERRA SUELTO
PROBLEM;DANOINFRAEST;DANO INFRAESTUCTURA DE SOPORTE
REMEDY;RECONSTRUIR;RECONSTRUIR
REMEDY;CAMBIAR;CAMBIAR
REMEDY;CAMBIAR;CAMBIAR
REMEDY;LIMPIAR;LIMPIAR
REMEDY;REPARAR;REPARAR
REMEDY;CAMBIAR;CAMBIAR
CAUSE;CON SUL;CONEXIONES SULFATADAS O FLOJAS (PUNTOS CONEXION CU)
PROBLEM;RUI.EXC;RUIDO EXCESIVO
CAUSE;CON SUL;CONEXIONES SULFATADAS O FLOJAS (PUNTOS CONEXION CU)
CAUSE;DAN.BOB;DANO EN BOBINAS DE CIERRA O APERTURA
REMEDY;CAMBIAR;CAMBIAR
REMEDY;CAMBIAR;CAMBIAR
REMEDY;CAMBIAR;CAMBIAR
PROBLEM;FALT.NIVEL;FALTA NIVEL DE ACEITE
REMEDY;CAMBIAR;CAMBIAR
CAUSE;DESGASTE;DESGASTE, CORROSION, GRIETAS, FISURAS EN EL EQUIPO
CAUSE;NIV_REFRI_BAJO;BAJO NIVEL DE REFRIGERANTE
CAUSE;LLANTA_ROTA;LLANTAS EN FALLA POR GOLPE O ROTURA
REMEDY;REMPLAZAR;REMPLAZAR
CAUSE;FUSIBLE_MALO;FUSIBLES DEFECTUOSOS
CAUSE;LIN_AIRE_ROTA;LINEAS NEUMATICAS DESGASTADAS O ROTAS
REMEDY;REPARAR;REPARAR
FAILURECLASS;COMPUERTA;COMPUERTA
PROBLEM;BLOQUEAD;BLOQUEADA
REMEDY;CAMBIAR;CAMBIAR
CAUSE;DESGASTE;DESGASTE DEL MATERIAL
CAUSE;SOBCARGA;SOBRECARGA
REMEDY;CAMBIAR;CAMBIAR
CAUSE;BIELAREVENTA;BIELA REVENTADA
CAUSE;CALEFACCMALA;CALEFACCION MALA
REMEDY;REPARAR;REPARAR
REMEDY;CALIBRAR;CALIBRAR
CAUSE;DESGASTE;DESGASTE DEL MATERIAL
CAUSE;DESGASTE;DESGASTE, CORROSION, GRIETAS, FISURAS EN EL EQUIPO
REMEDY;CALIBRAR;CALIBRAR
REMEDY;CAMBIAR;CAMBIAR
CAUSE;SUCIEDAD;SUCIEDAD O CONTAMINACION EN EL EQUIPO
CAUSE;SUCIEDAD;TRANSFORMADOR  DE POTENCIAL CORROIDO
REMEDY;CAMBIAR;CAMBIAR
REMEDY;RECONSTRUIR;RECONSTRUIR
FAILURECLASS;TRAFOPOT;TRANSFORMADOR DE POTENCIA
PROBLEM;NOTRANSFOR;NO TRANSFORMA TENSIONES Y/O CORRIENTES
CAUSE;PROTOPERINCO;PROTECCIONES  TRANSFORMADOR OPERA INCORRECTAMENTE
CAUSE;RESPIROBSTRU;RESPIRADOR DE SILICA OBSTRUIDO
PROBLEM;NOGARAINAISE;NO GARANTIZA INGRESO DE AIRE SECO AL TRANSFORMADOR
REMEDY;RESTABLECER;RESTABLECER
CAUSE;SOLDADEFICIE;SOLDADURA DEFICIENTE
REMEDY;CAMBIAR;CAMBIAR
CAUSE;ACCESORIO;FALLA EN ACCESORIO (VALVULA, SELLO, EMPAQUE, BRIDA)
REMEDY;REPARAR;REPARAR
REMEDY;REPARAR;REPARAR
PROBLEM;NOALMDERACE;NO ALMACENA DERRAMES DE ACEITE
REMEDY;CAMBIAR;CAMBIAR
CAUSE;MALCONTINT;MAL CONTACTO INTERNO DEL CAMBIADOR SIN CARGA
REMEDY;REPARAR;REPARAR
CAUSE;HUNDIMTERRE;HUNDIMIENTO DEL TERRENO
PROBLEM;CABPUETIEFAL;CABLE DE PUESTA A TIERRA SUELTO O EN MAL ESTADO /AUSENTE
CAUSE;BOBINAQUEMAD;FALLA DEBIDO A BOBINA DE CIERRE/APERT QUEMADA
CAUSE;MOTORQUEMAD;MOTOR QUEMADO
CAUSE;DESGASTE;DESGASTE, CORROSION, GRIETAS, FISURAS EN EL EQUIPO
REMEDY;LIMPIAR;LIMPIAR
PROBLEM;FUGAMEDIAISL;FUGA DE MEDIO AISLANTE  DEL INTERRUPTOR
REMEDY;CAMBIAR;CAMBIAR
PROBLEM;NOHAYINDICAC;NO HAY SEÑALIZACION ELECTRICA ESTADO INTERRUPTOR
CAUSE;SUJECISUELTA;ELEMENTO DE SUJECION SUELTO
REMEDY;AJUSTAR;AJUSTAR
REMEDY;REPARAR;REPARAR
CAUSE;CALEFACCMALA;CALEFACCION MALA
CAUSE;CONTAMINACION;CONTAMINACION
CAUSE;MOTORQUEMAD;MOTOR QUEMADO
PROBLEM;TIEMCIER70;TIEMPO DE CIERRE SUPERIOR A 70 mS
CAUSE;TRINQUEDESPO;TRINQUETE DESPOSICIONADO
REMEDY;CAMBIAR;CAMBIAR
REMEDY;CAMBIAR;CAMBIAR
CAUSE;SUICHEDESCAL;SUICHE TAMBOR DESPOSICIONADO
CAUSE;DESCALIBRACION;BRAZOS DE ACCIONAMIENTO DESCALIBRADOS
PROBLEM;INDICASUELTO;INDICADOR DE POSICION SUELTO
PROBLEM;CORROSION;CORROSION
CAUSE;HUMEDAD;HUMEDAD EN EL EQUIPO
CAUSE;CONECTDEFECT;CONECTOR DEFECTUOSO
CAUSE;BORNEABIERTO;BORNE ABIERTO
PROBLEM;DESTRUCCION;DESTRUCCION
CAUSE;PERDIDAISLAMI;PERDIDA DE AISLAMIENTO
REMEDY;CAMBIAR;CAMBIAR
PROBLEM;NOVISUANIVEL;NO SE VISULIZA EL NIVEL DE ACEITE
CAUSE;CABTIERROTO;CABLE DE PUESTA A TIERRA CON HILOS ROTOS
REMEDY;CAMBIAR;CAMBIAR
REMEDY;REPARAR;REPARAR
CAUSE;EMPAQUEDANAD;EMPAQUETADURA DANADA
REMEDY;REPARAR;REPARAR
CAUSE;FALALIMCONT;FALLA DEBIDO A FALTA DE ALIMENTACION EN CONTROL
REMEDY;REARMAR;REARMAR
PROBLEM;NOMUESVARIE;PERDIDA  INDICACION DE LAS VARIABLES ELECTRICAS
REMEDY;CAMBIAR;CAMBIAR
REMEDY;PINTAR;PINTAR
REMEDY;REINICIAR;REINICIAR
CAUSE;PUERTO;DANO EN PUERTO
REMEDY;REMPLAZAR;REMPLAZAR
CAUSE;CUCHA_CARG_FAL;CUCHARON CARGADOR EN FALLA, DEFECTUOSO O ROTO
REMEDY;REMPLAZAR;REMPLAZAR
CAUSE;VALV_HCA_FALLA;VALVULAS CON FALLA POR SUCIEDAD, FUGA O DESGASTE
PROBLEM;MOTOR_FALLA;MOTOR NO ENCIENDE
CAUSE;NIVEL_OIL_BAJO;BAJO NIVEL DE ACEITE
CAUSE;ENGR_DESGASTE;ENGRANAJES EN FALLA POR DESGASTE
CAUSE;LIN_HCA_ROTA;LINEAS HIDRAULICAS DESGASTADAS O ROTAS
REMEDY;REMPLAZAR;REMPLAZAR
REMEDY;REPARAR;REPARAR
CAUSE;FUGA_OIL;FUGA DE ACEITE
REMEDY;REPARAR;REPARAR
CAUSE;IMPULSOR_FALLA;DESGATE EN LOS IMPULSORES
REMEDY;REMPLAZAR;REMPLAZAR
CAUSE;ELECTRIC_FALLA;SISTEMA ELECTRICO EN FALLA
CAUSE;PLATO_PR_FALLA;PLATO DE PRESION DEFORMADO O DESGASTADO
CAUSE;RODAMIEN_FALLA;RODAMIENTOS Y COJINETES EN FALLA POR DESGASTE
CAUSE;AMORTIGU_FALLA;AMORTIGUADOR EN FALLA
PROBLEM;DIFERENC_FALLA;DIFERENCIAL EN FALLA
REMEDY;REMPLAZAR;REMPLAZAR
REMEDY;CARGAR;CARGAR
REMEDY;REPONER;REPONER
PROBLEM;DANOINFRAEST;DANO INFRAESTUCTURA DE SOPORTE
CAUSE;HUNDIMTERRE;HUNDIMIENTO DEL TERRENO
PROBLEM;PERDIDAGALVI;PERDIDA DE GALVANIZADO EN ESTRUCTURAS
REMEDY;PINTAR;PINTAR
CAUSE;CALENTAMIENTO;CALENTAMIENTO
REMEDY;CAMBIAR;CAMBIAR
CAUSE;SUCIEDAD;SUCIEDAD O CONTAMINACION EN EL EQUIPO
CAUSE;FUER.DIS;PUESTA A TIERRA FUERA DE VALORES ESTANDAR
REMEDY;AJUSTAR;AJUSTAR
CAUSE;BREAKERMALO;BREAKER GENERAL MALO
CAUSE;CALENTAMIENTO;CALENTAMIENTO
REMEDY;RESTABLECER;RESTABLECER
CAUSE;CORROSION;CORROSION
REMEDY;LIMPIAR;LIMPIAR
PROBLEM;FUGAREFRIGER;FUGA DE REFRIGERANTE
REMEDY;CAMBIAR;CAMBIAR
REMEDY;LIMPIAR;LIMPIAR
CAUSE;CABTIERROTO;CABLE DE PUESTA A TIERRA CON HILOS ROTOS
REMEDY;SOLDAR;SOLDAR
PROBLEM;FALLAMOTOR;FALLA MOTOR
CAUSE;DESGASTE;DESGASTE DEL MATERIAL
CAUSE;DESGASTE;DESGASTE, CORROSION, GRIETAS, FISURAS EN EL EQUIPO
REMEDY;REPARAR;REPARAR
CAUSE;FALLSENTEM;FALLA SENSORES DE TEMPERATURA
CAUSE;SOBRCALENT;SOBRECALENTAMIENTO
CAUSE;ACCESORIO;FALLA EN ACCESORIO (VALVULA, SELLO, EMPAQUE, BRIDA)
PROBLEM;ATASCADO;ATASCADO
CAUSE;TRANSMIS1;FALLA TRANSMISION
REMEDY;REPARAR;REPARAR
REMEDY;CAMBIAR;CAMBIAR
PROBLEM;ROTURA;ROTURA
PROBLEM;FALT.PRES;FALTA PRESIÓN ACEITE
CAUSE;FILT.SUCIO;FILTRO SUCIO
CAUSE;EMPDANA;EMPAQUETADURA DAÑADA
PROBLEM;FALT.NIVEL;FALTA NIVEL DE ACEITE
REMEDY;LIMPIAR;LIMPIAR
REMEDY;REPARAR;REPARAR
CAUSE;DESGECOB;DESGASTE EXCESIVO ESCOBILLAS
REMEDY;CAMBIAR;CAMBIAR
REMEDY;CAMBIAR;CAMBIAR
REMEDY;CAMBIAR;CAMBIAR
REMEDY;CAMBIAR;CAMBIAR
REMEDY;REPARAR;REPARAR
PROBLEM;FUGA;FUGA
CAUSE;DESGASTE;DESGASTE DEL MATERIAL
REMEDY;CAMBIAR;CAMBIAR
REMEDY;REPARAR;REPARAR
REMEDY;REPARAR;REPARAR
CAUSE;FAL.ALIM;FALLA DE ALIMENTACIÓN
CAUSE;DETERIOR;DETERIORO
REMEDY;INSPECCI;INSPECCI
PROBLEM;CONECTDEFECT;CONECTOR DEFECTUOSO
CAUSE;DETERIOR;DETERIORO
PROBLEM;SALERRATIC;SALIDA ERRATICA
REMEDY;INSPECCI;INSPECCIONAR
REMEDY;REPARAR;REPARAR
REMEDY;REPRGAM;REPROGRAMAR
REMEDY;CAMBIAR;CAMBIAR
REMEDY;REVISAR;REVISAR
REMEDY;CONECTAR;CONECTAR
CAUSE;BLOQUEO;BLOQUEO
CAUSE;CABLE;CABLE DANADO
REMEDY;AJUSTAR;AJUSTAR
PROBLEM;PIGTAIL;PIGTAIL
REMEDY;AJUSTAR;AJUSTAR
CAUSE;CONECTOR;CONECTOR DANADO
REMEDY;CAMBIAR;CAMBIAR
PROBLEM;PERDIVISTA;PERDIDA DE LINEA DE VISTA
REMEDY;CAMBIAR;CAMBIAR
REMEDY;CONFIGURAR;CONFIGURAR
CAUSE;PERDIENRUTAM;PERDIDAD DE ENRUTAMIENTO
REMEDY;CONFIGURAR;CONFIGURAR
REMEDY;REPONER;REPONER
FAILURECLASS;ROUTER;ROUTER
REMEDY;CAMBIAR;CAMBIAR
PROBLEM;ENRUTAMIENTO;ENRUTAMIENTO
CAUSE;PERDIENRUTAM;PERDIDAD DE ENRUTAMIENTO
CAUSE;MODUPOTEN;DANO MODULO DE POTENCIA
PROBLEM;PROTECCIONES;PROTECCIONES
CAUSE;PROTECTOR;DANO PROTECTOR
CAUSE;PERDI.CONFIG;PERDIDAD DE CONFIGURACION
REMEDY;REPONER;REPONER
REMEDY;CAMBIAR;CAMBIAR
FAILURECLASS;INTERAIR;INTERRUPTOR DE AIRE
REMEDY;REPARAR;REPARAR
PROBLEM;CONFIGURACION;CONFIGURACION
CAUSE;BATE.DESCAR;BATERIA DESCARGADA
PROBLEM;COMU_BLOQ;COMUNICACIONES BLOQUEADAS
REMEDY;RESET_LOCAL;REINICIO LOCAL
REMEDY;CAMBIAR;CAMBIAR
PROBLEM;SUMI_AC;SUMINISTRO DE AC
REMEDY;AJUSTAR;AJUSTAR
REMEDY;CAMBIAR;CAMBIAR
REMEDY;CONFIGURAR;CONFIGURAR
CAUSE;CANALSATU;CANAL SATURADO
REMEDY;RESTABLECER;RESTABLECER
REMEDY;CONFIGURAR;CONFIGURAR
REMEDY;AJUSTAR;AJUSTAR
REMEDY;CAMBIAR;CAMBIAR
REMEDY;AJUSTAR;AJUSTAR
CAUSE;DANO.PSERIAL;DANO EN PUERTO SERIAL
CAUSE;CABLE;CABLE DANADO
REMEDY;CONFIGUR;CONCENTRADOR DESCONFIGURADO
FAILURECLASS;MOTOBOMB;MOTOBOMBA
CAUSE;NOALIMPOTENC;NO HAY ALIMENTACION DE POTENCIA
PROBLEM;PRESIONBOMBA;BOMBAS NO LEVANTAN PRESION
CAUSE;DANO.VALVU;DANO DE VALVULAS
REMEDY;CORREGIR;CORREGIR
CAUSE;SET.POINTDESAJ;SET.POINT DESAJUSTADO
REMEDY;CORREGIR;CORREGIR
CAUSE;DEVANADOABIER;DEVANADO DEL ROTOR ABIERTO
CAUSE;CIRCUDISPA;DANO EN EL CIRCUITO DE CONTROL DE DISPARO
REMEDY;CORREGIR;CORREGIR
PROBLEM;VOLTATECHONEGA;VOLTAJE DE TECHO NEGATICO EN UN RECHAZO DE CARGA
FAILURECLASS;REGU ELECT;REGULADOR ELECTRONICO
PROBLEM;FALLASUICH;SUICHE NO TRABAJA CORRECTAMENTE
REMEDY;CORREGIR;CORREGIR
PROBLEM;ROTURA;ROTURA
PROBLEM;CORT.SOBREC;CORTOCIRCUITO, SOBRECARGA
CAUSE;QUEMADO;COMPONENTE QUEMADO
REMEDY;REPARAR;REPARAR
CAUSE;FALLA.CONTROL;FALLA  CONTROL Y/O MOTOBOMBAS
PROBLEM;DEFIC.ESTRUC;FALLA ESTRUCTURAL
CAUSE;FALL.FUSIB;FALLA FUSIBLES
REMEDY;REPARAR;REPARAR
CAUSE;CORROCABLE;CORROSION CABLE Y MATERIALES
REMEDY;REPARAR;REPARAR
CAUSE;FALTA.LUBRIC;FALTA LUBRICACION
REMEDY;REPARAR;REPARAR
REMEDY;CAMBIAR;CAMBIAR
PROBLEM;ALT.TEMP.COJIN;ALTA TEMPERATURA DEL COJINETE
CAUSE;BAJO.NIVEL;BAJO NIVEL DE ACEITE
REMEDY;CORREGIR;CORREGIR
PROBLEM;DANOALARMA;DAR ALARMA PERO LA TEMPERATURA SE ENCUENTRA NORMAL
CAUSE;COJINETDESALIN;DESALINEAMIENTO DE LOS SEGMENTOS DEL COJINETE
FAILURECLASS;INTERCAMBIADOR;INTERCAMBIADOR DE CALOR
CAUSE;FUGSISTE;FUGA EN EL SISTEMA
REMEDY;CAMBIAR;CAMBIAR
CAUSE;BOBIQUEM;PARADA POR ROTURA - BOBINA QUEMADA
REMEDY;CAMBIAR;CAMBIAR
REMEDY;CAMBIAR;CAMBIAR
PROBLEM;NO.COMUPROGR;NO SE COMUNICA CON PROGRAMADOR EXTERNO
CAUSE;OBSTRU.TUBE;OBSTRUCCION DE TUBERIA INGRESO A RADIADORES
PROBLEM;PERD.PRES;NO HAY PRESION O ES MENOR A LO REQUERIDO
REMEDY;REPARAR;REPARAR
REMEDY;CAMBIAR;CAMBIAR
REMEDY;AISLADORREVE;AISLADORREVE
REMEDY;REPROGRA;REPROGRAMAR
REMEDY;CAMBIAR;CAMBIAR
CAUSE;MALD;MAL DISENO
REMEDY;REPARAR;REPARAR
CAUSE;ATENTADO;ATENTADO
CAUSE;DESP.TER;DESPLAZAMIENTO DEL TERRENO
CAUSE;TERCERO;DANO OCASIONADO POR TERCERO (VANDALISMO)
CAUSE;DESPLTER;DESPLAZAMIENTO DEL TERRENO, DESLIZAMIENTO, EROSION
REMEDY;REPARAR;REPARAR
PROBLEM;FUGA;FUGA
CAUSE;DESGASTE;DESGASTE DEL MATERIAL
CAUSE;CORR.MC;CORROSION DEBIDO A MALA CALIDAD DE MATERIALES
REMEDY;CAMBIAR;CAMBIAR
REMEDY;CAMBIAR;CAMBIAR
CAUSE;QUEM.MC;QUEMADO POR MATERIALES DE MALA CALIDAD
CAUSE;SULF;CONEXION SULFATADA
CAUSE;HURTO;HURTO
CAUSE;ROTA;PUESTA A TIERRA ROTA O SUELTA
REMEDY;REPARAR;REPARAR
REMEDY;AJUSTAR;AJUSTAR
CAUSE;ENVEJEC;ENVEJECIMIENTO DEL AISLAMIENTO
CAUSE;DESG.MC;DESGASTE POR MATERIALES DE MALA CALIDAD
REMEDY;CAMBIAR;CAMBIAR
CAUSE;DISP.DES;(SOLO OPERACION) DISPARO POR CAUSAS DESCONOCIDAS
REMEDY;CAMBIAR;CAMBIAR
REMEDY;LUBRICAR;LUBRICAR
CAUSE;SELO.DES;SELLO DESALINEADO
CAUSE;CORREXT;CORROSION EXTERNA
REMEDY;AJUSTAR;AJUSTAR
PROBLEM;DISP.BLO;BLOQUEO DEL DISPOSITIVO
CAUSE;VIBRACIO;VIBRACION EXCESIVA
FAILURECLASS;SECCIONA;SECCIONADOR
REMEDY;CAMBIAR;CAMBIAR
REMEDY;CALIBRAR;CALIBRAR
REMEDY;CAMBIAR;CAMBIAR
CAUSE;DESAJUMECANI;DESAJUSTE MECANICO
REMEDY;PINTAR;PINTAR
CAUSE;RECORRINCOMP;RECORRIDO INCOMPLETO DE LOS BRAZOS
REMEDY;CALIBRAR;CALIBRAR
REMEDY;REPARAR;REPARAR
REMEDY;CAMBIAR;CAMBIAR
REMEDY;REPARAR;REPARAR
REMEDY;CAMBIAR;CAMBIAR
REMEDY;CAMBIAR;CAMBIAR
REMEDY;CAMBIAR;CAMBIAR
PROBLEM;FUGA;FUGA
CAUSE;CORREXT;CORROSION EXTERNA
PROBLEM;FUGAEMP;FUGA POR EMPAQUETADURA
REMEDY;REPARAR;REPARAR
REMEDY;CAMBIAR;CAMBIAR
CAUSE;IMPATASC;IMPULSOR ATASCADO
PROBLEM;VIBRACIO;VIBRACION EXCESIVA
REMEDY;REPARAR;REPARAR
PROBLEM;DANO.CON;NO OPERA POR DANO EN SISTEMA DE CONTROL
REMEDY;CAMBIAR;CAMBIAR
REMEDY;REPARAR;REPARAR
PROBLEM;SOBREQ;SOBRECARGA
CAUSE;FALLPROT;FALLA PROTECCION SOBRECARGA
REMEDY;CAMBIAR;CAMBIAR
CAUSE;CBL.CONT;CABLE DE CONTROL O CONEXIONES SUELTAS O DANADAS
CAUSE;DISP.BLO;BLOQUEO DEL DISPOSITIVO
REMEDY;CAMBIAR;CAMBIAR
PROBLEM;PERD.CAU;PERDIDA DE CAUDAL
CAUSE;DESG.ANILL;DESGASTE EN ANILLOS
REMEDY;REPARAR;REPARAR
CAUSE;FUGA;FUGA
CAUSE;FILT.SUCIO;FILTRO SUCIO
PROBLEM;VIBRACION;VIBRACION
CAUSE;RADIADR_OBSTRU;RADIADOR OBSTRUIDO
CAUSE;VENTILAD_FALLA;VENTILADOR DEL SISTEMA DE ENFRIAMIENTO EN FALLA
PROBLEM;MOTOR_FALLA;MOTOR NO ENCIENDE
REMEDY;REPONER;REPONER
REMEDY;REPARAR;REPARAR
REMEDY;REMPLAZAR;REMPLAZAR
REMEDY;REPARAR;REPARAR
CAUSE;FUSIBLE_MALO;FUSIBLES DEFECTUOSOS
CAUSE;COMPRESO_FALLA;COMPRESOR EN FALLA
CAUSE;BATERIA_FALLA;BATERIA DESCARGADA O DEFECTUOSA
REMEDY;CARGAR;CARGAR
REMEDY;REPARAR;REPARAR
CAUSE;DESGASTE;DESGASTE, CORROSION, GRIETAS, FISURAS EN EL EQUIPO
CAUSE;OPERAC;OPERACION INCORRECTA
REMEDY;REPARAR;REPARAR
CAUSE;CONXSUEL;CONEXIONES SUELTAS
REMEDY;REPARAR;REPARAR
CAUSE;GRAVBAJA;GRAVEDAD ESPECIFICA BAJA
CAUSE;INSTALAC;DEFECTO DE CONSTRUCCION, INSTALACION, MONTAJE
REMEDY;REPARAR;REPARAR
REMEDY;LUBRICAR;LUBRICAR
PROBLEM;DESTRUCCION;DESTRUCCION
REMEDY;CAMBIAR;CAMBIAR
CAUSE;TRINQUEDESPO;TRINQUETE DESPOSICIONADO
REMEDY;CAMBIAR;CAMBIAR
REMEDY;CAMBIAR;CAMBIAR
REMEDY;CALIBRAR;CALIBRAR
REMEDY;CAMBIAR;CAMBIAR
PROBLEM;TIEMAPER25;TIEMPO DE APERTURA SUPERIOR A 25 mS
CAUSE;CORROSION;CORROSION
CAUSE;CONTACDANADO;CONTACTO DEL INSTRUMENTO DANADO
REMEDY;CAMBIAR;CAMBIAR
REMEDY;CAMBIAR;CAMBIAR
REMEDY;REPARAR;REPARAR
CAUSE;CAMBIADFALLA;CAMBIADOR DE TAPS FALLADO
REMEDY;REPARAR;REPARAR
CAUSE;VALVULAMALA;VALVULA MALA
REMEDY;ABRIR;ABRIR
CAUSE;CONTACDANADO;CONTACTO DEL INSTRUMENTO DANADO
REMEDY;CAMBIAR;CAMBIAR
CAUSE;FALALIMDISP;FALTA DE ALIMENTACION CIRCUITO DE DISPARO
CAUSE;DAMECMECAOPE;DANO MECANICO DEL MECANISMO DE OPERACION
REMEDY;REPARAR;REPARAR
CAUSE;EMPAQUEDANAD;EMPAQUETADURA DANADA
CAUSE;CALEFACCMALA;CALEFACCION MALA
PROBLEM;NOLUCEACEPTA;NO LUCE ACEPTABLE
FAILURECLASS;INTERACEI;INTERRUPTOR CON MEDIO DE EXTINCION EN ACEITE
REMEDY;RESTABLECER;RESTABLECER
REMEDY;CAMBIAR;CAMBIAR
REMEDY;CAMBIAR;CAMBIAR
PROBLEM;NOVISUANIVEL;NO SE VISULIZA EL NIVEL DE ACEITE
PROBLEM;FALLACIERRE;NO CIERRA
REMEDY;ACOPLAR;ACOPLAR
REMEDY;CAMBIAR;CAMBIAR
REMEDY;CAMBIAR;CAMBIAR
REMEDY;CAMBIAR;CAMBIAR
REMEDY;CAMBIAR;CAMBIAR
CAUSE;GATILLODANAD;GATILLO APERTURA/CIERRE DEFECTUOSO
CAUSE;DANOEMPAQUE;EMPAQUE DANADO
CAUSE;DESGASTE;DESGASTE, CORROSION, GRIETAS, FISURAS EN EL EQUIPO
REMEDY;CALIBRAR;CALIBRAR
REMEDY;RECONSTRUIR;RECONSTRUIR
PROBLEM;HUMEGABICONT;HUMEDAD EN GABINETE DE CONTROL
REMEDY;CAMBIAR;CAMBIAR
CAUSE;CABLESUELTO;CABLE DE PUESTA A TIERRA SUELTO
CAUSE;TRINQUEDESPO;TRINQUETE DESPOSICIONADO
CAUSE;GATILLODANAD;GATILLO APERTURA/CIERRE DEFECTUOSO
REMEDY;CAMBIAR;CAMBIAR
REMEDY;RESTABLECER;RESTABLECER
CAUSE;TRINQUEPEGAD;TRINQUETE DE CIERRE/APERT PEGADO
REMEDY;CAMBIAR;CAMBIAR
CAUSE;SUJECISUELTA;ELEMENTO DE SUJECION SUELTO
CAUSE;CABLESUELTO;CABLE DE PUESTA A TIERRA SUELTO
REMEDY;CAMBIAR;CAMBIAR
REMEDY;LIMPIAR;LIMPIAR
CAUSE;CABLESUELTO;CABLE DE PUESTA A TIERRA SUELTO
REMEDY;SOLDAR;SOLDAR
CAUSE;SOLDADEFICIE;SOLDADURA DEFICIENTE
REMEDY;CAMBIAR;CAMBIAR
CAUSE;PRENSAESDEFE;PRENSAESTOPAS  GABINETE CONEXIONADO DEFECTUOSAS
REMEDY;CAMBIAR;CAMBIAR
REMEDY;CAMBIAR;CAMBIAR
REMEDY;CAMBIAR;CAMBIAR
CAUSE;CALEFACCMALA;CALEFACCION MALA
PROBLEM;DANOINFRAEST;DANO INFRAESTUCTURA DE SOPORTE
REMEDY;CAMBIAR;CAMBIAR
PROBLEM;NOENTREGACD;NO ENTREGA CORRIENTE DIRECTA
CAUSE;DANOTARJCONT;DANO EN LA TARJETA DE CONTROL
CAUSE;FALALIMSEN;FALTA  ALIMENTACION EN EL CIRCUITO DE SENALIZACION
REMEDY;RESTABLECER;RESTABLECER
CAUSE;CABLESUELTO;CABLE DE PUESTA A TIERRA SUELTO
CAUSE;CORROSION;CORROSION
CAUSE;SUCIEDAD;SUCIEDAD O CONTAMINACION EN EL EQUIPO
CAUSE;BATE.DESCAR;BATERIA DESCARGADA
PROBLEM;CONFIGURACION;CONFIGURACION
CAUSE;LIN_HCA_ROTA;LINEAS HIDRAULICAS DESGASTADAS O ROTAS
REMEDY;REPARAR;REPARAR
REMEDY;REMPLAZAR;REMPLAZAR
CAUSE;CORTO_SIST_ELE;CORTO EN EL SISTEMA ELECTRICO
REMEDY;REPONER;REPONER
REMEDY;REMPLAZAR;REMPLAZAR
REMEDY;REMPLAZAR;REMPLAZAR
REMEDY;REPARAR;REPARAR
REMEDY;REMPLAZAR;REMPLAZAR
CAUSE;CIL_HCO_FALLA;CILINDRO HIDRAULICO EN FALLA
REMEDY;LIMPIAR;LIMPIAR
CAUSE;NIVEL_OIL_BAJO;BAJO NIVEL DE ACEITE
CAUSE;NIVEL_OIL_BAJO;BAJO NIVEL DE ACEITE
PROBLEM;SERVO_FALLA;SERVOTRANSMISION EN FALLA
CAUSE;COJINETE_FALLA;COJINETES EN FALLA POR DESGASTE
CAUSE;NIVEL_OIL_BAJO;BAJO NIVEL DE ACEITE
PROBLEM;DIRECCIO_FALLA;SISTEMA DE DIRECCION EN FALLA
CAUSE;ROTULA_FALLA;ROTULAS EN FALLA POR DESGASTE
REMEDY;REMPLAZAR;REMPLAZAR
PROBLEM;SUSPENSI_FALLA;SISTEMA DE SUSPENSION EN FALLA
REMEDY;REMPLAZAR;REMPLAZAR
REMEDY;REMPLAZAR;REMPLAZAR
REMEDY;REMPLAZAR;REMPLAZAR
CAUSE;HURTO;HURTO
CAUSE;CABLESUELTO;CABLE DE PUESTA A TIERRA SUELTO
PROBLEM;FAAI;NO OPERATIVO POR DANO DEL AISLAMIENTO
CAUSE;DESG.MC;DESGASTE POR MATERIALES DE MALA CALIDAD
REMEDY;CAMBIAR;CAMBIAR
REMEDY;CAMBIAR;CAMBIAR
REMEDY;CAMBIAR;CAMBIAR
REMEDY;CAMBIAR;CAMBIAR
CAUSE;RELEFALLADO;RELE SENALIZACION FALLADO
REMEDY;CAMBIAR;CAMBIAR
PROBLEM;NOLUCEACEPTA;NO LUCE ACEPTABLE
CAUSE;SUCIEDAD;SUCIEDAD O CONTAMINACION EN EL EQUIPO
PROBLEM;NOSUMIENER;NO SUMINISTRA ENERGIA
REMEDY;REPARAR;REPARAR
CAUSE;DANOSISTARRA;DANO EN EL SISTEMA DE ARRANQUE
REMEDY;CAMBIAR;CAMBIAR
CAUSE;DANOINSTSENS;DANO EN LOS INSTRUMENTOS O SENSORES DE VARIABLES
CAUSE;TUBERIAPERFO;TUBERIA PERFORADA
CAUSE;FALALIMSEN;FALTA  ALIMENTACION EN EL CIRCUITO DE SENALIZACION
REMEDY;REPARAR;REPARAR
REMEDY;BALANCEA;BALANCEAR
CAUSE;ACCESORIO;FALLA EN ACCESORIO (VALVULA, SELLO, EMPAQUE, BRIDA)
REMEDY;REPARAR;REPARAR
CAUSE;FILT.SUCIO;FILTRO SUCIO
REMEDY;CAMBIAR;CAMBIAR
CAUSE;DESPLTER;DESPLAZAMIENTO DEL TERRENO, DESLIZAMIENTO, EROSION
REMEDY;REPARAR;REPARAR
CAUSE;FABRICAC;DEFECTO DE FABRICACION (TUBO/ACCESORIO DEFECTUOSO)
REMEDY;REPARAR;REPARAR
CAUSE;DESGASTE;DESGASTE, CORROSION, GRIETAS, FISURAS EN EL EQUIPO
CAUSE;DESPLTER;DESPLAZAMIENTO DEL TERRENO, DESLIZAMIENTO, EROSION
PROBLEM;ESTRUCT;DANO EN RECUBRIMIENTO, ABOLLADURA, DEFORMACION
CAUSE;DETERIOR;DETERIORO
REMEDY;CAMBIAR;CAMBIAR
CAUSE;FAL.ALIM;FALLA DE ALIMENTACIÓN
CAUSE;AMBIENTE;CONDICIONES AMBIENTALES
PROBLEM;DANO.COM;NO HAY COMUNICACIÓN
CAUSE;DES.FIRM;DESACTUALIZACION DE FIRMWARE
REMEDY;REPROGRA;REPROGRAMAR
REMEDY;CAMBIAR;CAMBIAR
CAUSE;DESPLTER;DESPLAZAMIENTO DEL TERRENO, DESLIZAMIENTO, EROSION
REMEDY;REPARAR;REPARAR
PROBLEM;CORTO;CORTOCIRCUITO INTERNO DE LA LUMINARIA
CAUSE;DESPLTER;DESPLAZAMIENTO DEL TERRENO, DESLIZAMIENTO, EROSION
PROBLEM;FALTAALIMENT;FALTA ALIMENTACION DE CA/CD
CAUSE;CONTAMINACION;CONTAMINACION
REMEDY;REINICIAR;REINICIAR
CAUSE;CABLE;CABLE DANADO
REMEDY;AJUSTAR;AJUSTAR
PROBLEM;ANTENA;ANTENA
REMEDY;CAMBIAR;CAMBIAR
REMEDY;CAMBIAR;CAMBIAR
PROBLEM;ENRUTAMIENTO;ENRUTAMIENTO
REMEDY;CAMBIAR;CAMBIAR
CAUSE;PUERTO;DANO EN PUERTO
REMEDY;CONFIGURAR;CONFIGURAR
CAUSE;DANSISOPERATI;DANO SISTEMA OPERATIVO
REMEDY;CONFIGURAR;CONFIGURAR
REMEDY;CAMBIAR;CAMBIAR
REMEDY;CAMBIAR;CAMBIAR
CAUSE;DANOTOTAL;DANO TOTAL
REMEDY;CAMBIAR;CAMBIAR
REMEDY;CAMBIAR;CAMBIAR
REMEDY;REINICIAR;REINICIAR
REMEDY;CONFIGURAR;CONFIGURAR
PROBLEM;SIST_OPERATIV;SISTEMA OPERATIVO
PROBLEM;MEMORIFLASH;MEMORIA FLASH
REMEDY;CAMBIAR;CAMBIAR
REMEDY;RECARGAR;RECARGAR
REMEDY;REPONER;REPONER
PROBLEM;ESTRUCTURAL;ESTRUCTURAL
PROBLEM;NOCONEVOLTCOR;NO CONECTA EL VOLTAJE Y LA CORRIENTE DEL ROTOR
CAUSE;PROTECTOR;DANO PROTECTOR
CAUSE;DANOTOTAL;DANO TOTAL
REMEDY;RESET_REMOTO;REINICIO REMOTO
CAUSE;MOD.ELECT;MODULO ELECTRONICO
CAUSE;SUMI.APAG;SUMINISTRO APAGADO
PROBLEM;SUMI_DC;SUMINISTRO DE DC
REMEDY;AJUSTAR;AJUSTAR
REMEDY;CAMBIAR;CAMBIAR
REMEDY;CAMBIAR;CAMBIAR
REMEDY;CONFIGUR_MODBUS;CONFIGURAR
CAUSE;CABLE;CABLE DANADO
REMEDY;CONFIGURAR;CONFIGURAR
REMEDY;RESET_LOCAL;REINICIO LOCAL
CAUSE;CONECTOR;CONECTOR DANADO
CAUSE;CONECTOR;CONECTOR DANADO
REMEDY;CAMBIAR;CAMBIAR
CAUSE;CONTROL;DANO CONTROL
CAUSE;CONTROL;DANO CONTROL
PROBLEM;NOENVSENALAR;NO ENVIA SENAL ALARMA
REMEDY;CORREGIR;CORREGIR
REMEDY;CORREGIR;CORREGIR
CAUSE;APERCIRC;APERTURA DEL CIRCUITO
REMEDY;CERRAR;CERRAR
REMEDY;AJUSTAR;AJUSTAR
REMEDY;REPARAR;REPARAR
CAUSE;DESCALTRANSDUC;DESCALIBRACION DEL TRANSDUCTOR
REMEDY;CORREGIR;CORREGIR
REMEDY;CARGAR;CARGAR
PROBLEM;CORRIGENERADOR;EL GENERADOR CON EXCESIVA CORRIENTE EN EL CAMPO
REMEDY;CORREGIR;CORREGIR
PROBLEM;ALARMFALVENTIL;NO ALARMA EN CASO DE FALLA VENTILADORES
REMEDY;CORREGIR;CORREGIR
REMEDY;CORREGIR;CORREGIR
PROBLEM;NOREGULAPOTE;NO REGULA POTENCIA
CAUSE;SISMECANDIST;SISTEMA MECANICO DEL DISTRIBUIDOR ATASCADO
REMEDY;REPARAR;REPARAR
PROBLEM;NOVELOSUICH;NO SENAL DE VELOCIDAD Y SUICHES
CAUSE;AFLOJAM.DESGAS;AFLOJAMIENTO DESGASTE DE JUNTAS
CAUSE;DESGASTE;DESGASTE, CORROSION, GRIETAS, FISURAS EN EL EQUIPO
REMEDY;CORREGIR;CORREGIR
CAUSE;DESGASTE;DESGASTE, CORROSION, GRIETAS, FISURAS EN EL EQUIPO
CAUSE;DESGASTE;DESGASTE, CORROSION, GRIETAS, FISURAS EN EL EQUIPO
CAUSE;TERM.SENSATERR;TERMOPOZO DE SENSOR DE TEMPERATURA ATERRIZADO Y GENERA DISPARO DE UNIDAD
REMEDY;CAMBIAR;CAMBIAR
REMEDY;COMPLETAR;COMPLETAR
PROBLEM;NOINDITEMPERA;NO INDICA EL NIVEL DE TEMPERATURA DE ACEITE
CAUSE;DANOCOJINET;DESGASTE DEL COJINETE
CAUSE;ACUMLODOS;ACUMULACION DE PARTICULAS/LODOS
REMEDY;CORREGIR;CORREGIR
CAUSE;TARJFALL;TARJETA DE COMUNICACIONES FALLADA
PROBLEM;BAJA.FLUJO;BAJO FLUJO AGUA
REMEDY;LAVAR;LAVAR
REMEDY;REPARAR;REPARAR
REMEDY;CAMBIAR;CAMBIAR
REMEDY;LIMPIAR;LIMPIAR
REMEDY;CAMBIAR;CAMBIAR
REMEDY;AISLADORREVE;FALLA DEBIDO A AISLADOR GIRATORIO REVENTADO
PROBLEM;OBSTRU;OBSTRUCCIÓN
CAUSE;SELL.MAL;SELLO MALO
REMEDY;REPARAR;REPARAR
REMEDY;REPARAR;REPARAR
PROBLEM;ROTURA;ROTURA
REMEDY;REPARAR;REPARAR
REMEDY;REPARAR;REPARAR
CAUSE;VIDA.UT;FIN DE VIDA UTIL
CAUSE;CORRINT;CORROSION INTERNA
REMEDY;CAMBIAR;CAMBIAR
CAUSE;OPERAC;OPERACION INCORRECTA
REMEDY;REPARAR;REPARAR
CAUSE;EQUIPOS;FALLA DE EQUIPOS DE CONTROL/ALIVIO
PROBLEM;OBSTRUCC;OBSTRUCCION
CAUSE;CORRINT;CORROSION INTERNA
REMEDY;CAMBIAR;CAMBIAR
CAUSE;TERCEROS;DANOS CAUSADOS POR TERCEROS (INCLUYE VANDALISMO)
REMEDY;REPARAR;REPARAR
CAUSE;FAT.OBS;FATIGA POR DESGASTE DEL MATERIAL
REMEDY;CAMBIAR;CAMBIAR
CAUSE;QUEM.ELM;QUEMADO POR ELEMENTOS SOBRE LA RED
PROBLEM;FALL.HER;FALLA EN HERRAJES
REMEDY;CAMBIAR;CAMBIAR
REMEDY;REPARAR;REPARAR
CAUSE;FALT.LUB;FALTA DE LUBRICACION
CAUSE;SELL.DES;SELLO DESALINEADO
PROBLEM;ATASCAD;ATASCADA (VALVULA NO OPERA)
REMEDY;CAMBIAR;CAMBIAR
REMEDY;LIMPIAR;LIMPIAR
CAUSE;BAJAPRESION;BAJA PRESIÓN
REMEDY;REINSTAL;REINSTALAR
PROBLEM;NOINDICAPOSI;NO INDICA LA APERTURA O CIERRE
CAUSE;ALTA.PRES;ALTA PRESION
REMEDY;CAMBIAR;CAMBIAR
CAUSE;MANIOBRA;ROTURA AL OPERAR
PROBLEM;BRAZODESALID;BRAZOS DESALINEADOS
CAUSE;RUPTURAMECAN;RUPTURA DEL BLOQUEO MECANICO
CAUSE;SUCIEDAD;TRANSFORMADOR  DE POTENCIAL CORROIDO
CAUSE;DANOMECANICO;DANO MECANICO EN EL MECANISMO DE ACCINAMIENTO
REMEDY;RESTABLECER;RESTABLECER
REMEDY;CAMBIAR;CAMBIAR
CAUSE;RODAMIPEGADO;RODAMIENTOS DE LAS COLUMNAS PEGADOS
CAUSE;CONTAMINACION;CONTAMINACION
REMEDY;CAMBIAR;CAMBIAR
PROBLEM;HUMEGABICONT;HUMEDAD EN GABINETE DE CONTROL
CAUSE;EMPAQUEDANAD;EMPAQUETADURA DANADA
REMEDY;REPARAR;REPARAR
CAUSE;CORROSION;CORROSION
REMEDY;REPARAR;REPARAR
CAUSE;ACCESORIO;FALLA EN ACCESORIO (VALVULA, SELLO, EMPAQUE, BRIDA)
PROBLEM;SOBRECAL;SOBRECALENTADA(O)
REMEDY;CAMBIAR;CAMBIAR
REMEDY;CAMBIAR;CAMBIAR
REMEDY;BALANCEA;BALANCEAR
CAUSE;RODFALLA;RODAMIENTO FALLADO
REMEDY;CAMBIAR;CAMBIAR
REMEDY;CAMBIAR;CAMBIAR
PROBLEM;DANO.CONX;DAÑO EN CONEXIONES ELECTRICAS
REMEDY;REPARAR;REPARAR
CAUSE;FALLA.MANDO;FALLA DEL MANDO DE APERTURA O CIERRE
REMEDY;REPARAR;REPARAR
REMEDY;CAMBIAR;CAMBIAR
REMEDY;CAMBIAR;CAMBIAR
REMEDY;CAMBIAR;CAMBIAR
CAUSE;DPS.PRI;DPS FALLADO
REMEDY;CAMBIAR;CAMBIAR
REMEDY;CAMBIAR;CAMBIAR
REMEDY;REVISAR;REVISAR
REMEDY;REMPLAZAR;REMPLAZAR
CAUSE;DESGASTE_USO;DESGASTE POR USO
REMEDY;REPARAR;REPARAR
CAUSE;COMPRESO_FALLA;COMPRESOR EN FALLA
CAUSE;CORTO_SIST_ELE;CORTO EN EL SISTEMA ELECTRICO
CAUSE;FUSIBLE_MALO;FUSIBLES DEFECTUOSOS
PROBLEM;FUGA;FUGA
REMEDY;CAMBIAR;CAMBIAR
REMEDY;REPARAR;REPARAR
FAILURECLASS;BATERIAS;BATERIAS
CAUSE;TERFLOJA;TERMINALES FLOJAS/ROTAS
REMEDY;CAMBIAR;CAMBIAR
CAUSE;BOBINAQUEMAD;FALLA DEBIDO A BOBINA DE CIERRE/APERT QUEMADA
CAUSE;TRINQUEDESPO;TRINQUETE DESPOSICIONADO
CAUSE;INDICADORDAN;INDICADOR DANADO
CAUSE;INDICADORSUC;INDICADOR SUCIO
CAUSE;TRINQUEPEGAD;TRINQUETE DE CIERRE/APERT PEGADO
REMEDY;CAMBIAR;CAMBIAR
REMEDY;CALIBRAR;CALIBRAR
CAUSE;DANOMECANICO;DANO MECANICO EN EL MECANISMO DE ACCINAMIENTO
CAUSE;PRENSAESDEFE;PRENSAESTOPAS  GABINETE CONEXIONADO DEFECTUOSAS
PROBLEM;CONECTDEFECT;CONECTOR DEFECTUOSO
CAUSE;SUICHEDESCAL;SUICHE TAMBOR DESPOSICIONADO
PROBLEM;NOLUCEACEPTA;NO LUCE ACEPTABLE
REMEDY;LIMPIAR;LIMPIAR
CAUSE;CABLESUELTO;CABLE DE PUESTA A TIERRA SUELTO
CAUSE;DESGASTE;DESGASTE DEL MATERIAL
REMEDY;REVISAR;REVISAR
CAUSE;VALVULACERRA;VALVULA CERRADA
REMEDY;ABRIR;ABRIR
REMEDY;REPARAR;REPARAR
CAUSE;TANQUEPERFOR;TANQUE PERFORADO
CAUSE;TUBERIAPERFO;TUBERIA PERFORADA
CAUSE;RADIADORROTO;RADIADOR ROTO
REMEDY;CERRAR;CERRAR
CAUSE;VALVULACERRA;VALVULA CERRADA
REMEDY;REPARAR;REPARAR
PROBLEM;NOMUEVETRAFO;NO SE PUEDE MOVER EL TRANSFORMADOR
CAUSE;RIELESDESALI;RIELES DESALINEADOS
PROBLEM;NODREDERACE;NO DRENA DERRAMES DE ACEITE
PROBLEM;NOENVSENDISP;NO ENVIA SENAL  DISPARO POR FALLA  TRANSFORMADOR
PROBLEM;NOVAVOSARECA;NO VARIA VOLTAJE SALIDA TRAFO REGULADOR BAJO CARGA
REMEDY;CAMBIAR;CAMBIAR
PROBLEM;DANOINFRAEST;DANO INFRAESTUCTURA DE SOPORTE
REMEDY;REPARAR;REPARAR
REMEDY;SOLDAR;SOLDAR
CAUSE;FALALIMCONT;FALLA DEBIDO A FALTA DE ALIMENTACION EN CONTROL
CAUSE;TRINQUEDESPO;TRINQUETE DESPOSICIONADO
CAUSE;BIELAREVENTA;BIELA REVENTADA
CAUSE;DANOMECANICO;DANO MECANICO EN EL MECANISMO DE ACCINAMIENTO
CAUSE;INDICADORDAN;INDICADOR DANADO
REMEDY;CALIBRAR;CALIBRAR
REMEDY;CAMBIAR;CAMBIAR
CAUSE;INDICADORSUC;INDICADOR SUCIO
CAUSE;INDICADORDAN;INDICADOR DANADO
CAUSE;FUNDACDETERI;FUNDACION DETERIORADA
REMEDY;REPARAR;REPARAR
PROBLEM;INDICASUELTO;INDICADOR DE POSICION SUELTO
REMEDY;CAMBIAR;CAMBIAR
PROBLEM;CABPUETIEFAL;CABLE DE PUESTA A TIERRA SUELTO O EN MAL ESTADO /AUSENTE
CAUSE;TRINQUEPEGAD;TRINQUETE DE CIERRE/APERT PEGADO
CAUSE;DESCALIBRACION;BRAZOS DE ACCIONAMIENTO DESCALIBRADOS
REMEDY;CALIBRAR;CALIBRAR
REMEDY;LUBRICAR;LUBRICAR
REMEDY;RESTABLECER;RESTABLECER
REMEDY;CAMBIAR;CAMBIAR
CAUSE;CALENTAMIENTO;CALENTAMIENTO
CAUSE;INDICADORSUC;INDICADOR SUCIO
REMEDY;PINTAR;PINTAR
PROBLEM;FUGAACEITE;FUGA DE ACEITE
REMEDY;CAMBIAR;CAMBIAR
CAUSE;HUNDIMTERRE;HUNDIMIENTO DEL TERRENO
REMEDY;RECONSTRUIR;RECONSTRUIR
REMEDY;PINTAR;PINTAR
PROBLEM;NORECTIVOL;NO RECTIFICA VOLTAJE
CAUSE;CABTIERROTO;CABLE DE PUESTA A TIERRA CON HILOS ROTOS
REMEDY;SOLDAR;SOLDAR
REMEDY;CAMBIAR;CAMBIAR
REMEDY;CAMBIAR;CAMBIAR
CAUSE;MODUPOTEN;DANO MODULO DE POTENCIA
PROBLEM;PROTECCIONES;PROTECCIONES
REMEDY;REPONER;REPONER
REMEDY;REPARAR;REPARAR
CAUSE;ACOP_BBA_FALLA;ACOPLE DE BOMBA HIDRAULICA EN FALLA
REMEDY;CORREGIR;CORREGIR
REMEDY;REMPLAZAR;REMPLAZAR
REMEDY;REPARAR;REPARAR
CAUSE;FUSIBLE_MALO;FUSIBLES DEFECTUOSOS
CAUSE;COJINETE_FALLA;COJINETES EN FALLA POR DESGASTE
REMEDY;REPARAR;REPARAR
CAUSE;BBA_HCA_MAL_IN;INCORRECTA INSTALACION MECANICA DE LA BOMBA HIDRAULICA
CAUSE;RETEN_FALLA;SELLO O RETENEDOR EN FALLA
REMEDY;REMPLAZAR;REMPLAZAR
CAUSE;VALV_HCA_FALLA;VALVULAS CON FALLA POR SUCIEDAD, FUGA O DESGASTE
CAUSE;BATERIA_FALLA;BATERIA DESCARGADA O DEFECTUOSA
REMEDY;REPARAR;REPARAR
REMEDY;REMPLAZAR;REMPLAZAR
REMEDY;REMPLAZAR;REMPLAZAR
CAUSE;COJINETE_FALLA;COJINETES EN FALLA POR DESGASTE
CAUSE;ENGR_DESGASTE;ENGRANAJES EN FALLA POR DESGASTE
CAUSE;OPERACION_MALA;OPERACION INCORRECTA
REMEDY;REMPLAZAR;REMPLAZAR
CAUSE;ENGR_DESGASTE;ENGRANAJES EN FALLA POR DESGASTE
REMEDY;REMPLAZAR;REMPLAZAR
CAUSE;NIVEL_HCO_BAJO;BAJO NIVEL DE FLUIDO HIDRAULICO
CAUSE;ENGR_DESAJUSTE;ENGRANAJES DESAJUSTADOS
CAUSE;BALLESTA_ROTA;BALLESTAS ROTAS
CAUSE;LLANTA_DESGAST;LLANTAS EN FALLA POR DESGASTE
CAUSE;GUAYA_FALLA;GUAYA DESAJUSTADA O DESGASTADA
REMEDY;REPARAR;REPARAR
REMEDY;REMPLAZAR;REMPLAZAR
REMEDY;SOLDAR;SOLDAR
CAUSE;CORROSION;CORROSION
REMEDY;CAMBIAR;CAMBIAR
PROBLEM;DESTRUCCION;DESTRUCCION
REMEDY;CAMBIAR;CAMBIAR
REMEDY;CAMBIAR;CAMBIAR
REMEDY;LIMPIAR;LIMPIAR
REMEDY;CAMBIAR;CAMBIAR
CAUSE;ENVEJEC;ENVEJECIMIENTO DEL AISLAMIENTO
CAUSE;FALALIMSEN;FALTA  ALIMENTACION EN EL CIRCUITO DE SENALIZACION
REMEDY;SOLDAR;SOLDAR
REMEDY;PINTAR;PINTAR
REMEDY;SUMINISTRAR;SUMINISTRAR
REMEDY;RESTABLECER;RESTABLECER
PROBLEM;NOLUCEACEPTA;NO LUCE ACEPTABLE
PROBLEM;FUGAACEITE;FUGA DE ACEITE
CAUSE;EMPAQUEDANAD;EMPAQUETADURA DANADA
CAUSE;CONTREFRROTO;CONTENEDOR REFRIGERANTE ROTO
CAUSE;DANOTARJCONT;DANO EN LA TARJETA DE CONTROL
REMEDY;REPARAR;REPARAR
CAUSE;INYECTOSUCIO;INYECTORES SUCIOS
PROBLEM;NOENVSENALAR;NO ENVIA SENAL ALARMA
REMEDY;CAMBIAR;CAMBIAR
CAUSE;SOBRCALENT;SOBRECALENTAMIENTO
REMEDY;CAMBIAR;CAMBIAR
REMEDY;REPARAR;REPARAR
REMEDY;AJUSTAR;AJUSTAR
PROBLEM;VIBRACIO;VIBRACION EXCESIVA
PROBLEM;FUGA;FUGA
PROBLEM;FUGAEMP;FUGA POR EMPAQUETADURA
CAUSE;RODRECAL;RODAMIENTO RECALENTADO
REMEDY;REPARAR;REPARAR
REMEDY;LIMPIAR;LIMPIAR
REMEDY;CAMBIAR;CAMBIAR
REMEDY;CAMBIAR;CAMBIAR
CAUSE;CORRINT;CORROSION INTERNA
REMEDY;REPARAR;REPARAR
REMEDY;CAMBIAR;CAMBIAR
REMEDY;CAMBIAR;CAMBIAR
REMEDY;LIMPIAR;LIMPIAR
REMEDY;CAMBIAR;CAMBIAR
CAUSE;ACCESORIO;FALLA EN ACCESORIO (VALVULA, SELLO, EMPAQUE, BRIDA)
CAUSE;OPERAC;OPERACION INCORRECTA
REMEDY;REPARAR;REPARAR
CAUSE;INSTALAC;DEFECTO DE CONSTRUCCION, INSTALACION, MONTAJE
REMEDY;INSPECCI;INSPECCI
REMEDY;REPARAR;REPARAR
CAUSE;FAL.ALIM;FALLA DE ALIMENTACIÓN
REMEDY;INSPECCI;INSPECCIONAR
REMEDY;REVISAR;REVISAR
REMEDY;INSPECCI;INSPECCI
REMEDY;REVISAR;REVISAR
REMEDY;CAMBIAR;CAMBIAR
PROBLEM;FREC.RADIO;RADIOFRECUENCIA
REMEDY;CAMBIAR;CAMBIAR
CAUSE;MODUPOTEN;DANO MODULO DE POTENCIA
REMEDY;REPARAR;REPARAR
PROBLEM;PERDIDASENAL;PERDIDA DE LA SENAL
CAUSE;DESCONFIPROTO;DESCONFIGURACION DE PROTOCOLO
REMEDY;CONFIGURAR;CONFIGURAR
REMEDY;REPARAR;REPARAR
PROBLEM;DISP.BLO;BLOQUEO DEL DISPOSITIVO
CAUSE;PERDIENRUTAM;PERDIDAD DE ENRUTAMIENTO
CAUSE;QUEMADO;COMPONENTE QUEMADO
FAILURECLASS;TORRE;TORRE
CAUSE;CABLE;CABLE DANADO
CAUSE;DETERIORO;DETERIORO ESTRUCTURA
PROBLEM;DISP.BLO;BLOQUEO DEL DISPOSITIVO
CAUSE;BLOQUEO;BLOQUEO
PROBLEM;PROTECCIONES;PROTECCIONES
CAUSE;PERDI.CONFIG;PERDIDAD DE CONFIGURACION
REMEDY;CAMBIAR;CAMBIAR
REMEDY;CAMBIAR;CAMBIAR
CAUSE;CABLE;CABLE DANADO
REMEDY;CAMBIAR;CAMBIAR
REMEDY;CAMBIAR;CAMBIAR
PROBLEM;CONCENT_BLOQ;CONCENTRADOR BLOQUEADO
REMEDY;CAMBIAR;CAMBIAR
REMEDY;RESTABLECER;RESTABLECER
REMEDY;RESTABLECER;RESTABLECER
REMEDY;CAMBIAR;CAMBIAR
CAUSE;CONECTOR;CONECTOR DANADO
REMEDY;RESTABLECER;RESTABLECER
CAUSE;CABLE;CABLE DANADO
REMEDY;AJUSTAR;AJUSTAR
REMEDY;RESET_REMOTO;REINICIO REMOTO
CAUSE;CONECTOR;CONECTOR DANADO
REMEDY;AJUSTAR;AJUSTAR
REMEDY;RESET_LOCAL;REINICIO LOCAL
REMEDY;RESET_REMOTO;REINICIO REMOTO
PROBLEM;DRIVER_61850;DRIVER DE COMUNICACION 61850
CAUSE;61850.CORRUP;DRIVER 61850 CORRUPTO
REMEDY;CAMBIAR;CAMBIAR
PROBLEM;MODULO_IO;SENALES ENTRADA O SALIDA
REMEDY;CAMBIAR;CAMBIAR
REMEDY;CONFIGUR;CONFIGURAR
PROBLEM;NOPARABOMBA;NO PARAN LAS BOMBAS
CAUSE;CONTROL;DANO CONTROL
REMEDY;VERIFICAR;VERIFICAR
REMEDY;CORREGIR;CORREGIR
CAUSE;VALVABIERT;VALVULA ABIERTA
PROBLEM;NOSISMANVALV;NO REGULA EL SIST EN FORMA MANUAL MEDIANTE LA VÁLV
CAUSE;DEVANADOABIER;DEVANADO DEL ROTOR ABIERTO
CAUSE;PERILLAMALA;PERILLA DE SELECCIÓN MALA
REMEDY;REPARAR;REPARAR
CAUSE;TRANSDESC;TRANSDUCTOR DESCALIBRADO
REMEDY;REPARAR;REPARAR
PROBLEM;FALLALIMENTAC;FALLA EN ALIMENTACION
REMEDY;CAMBIAR;CAMBIAR
CAUSE;CIRCUCONTPRE;DANO EN CIRCUITO CONTROL DE CONTACTOR DE PREEXITAC
REMEDY;CORREGIR;CORREGIR
REMEDY;CORREGIR;CORREGIR
REMEDY;LIMPIAR;LIMPIAR
CAUSE;DANO.VALVU;DANO DE VALVULAS
CAUSE;DISTASENSRUED;DISTANCIA SENSOR-RUEDA (GAP) NO APROPIADA
REMEDY;CORREGIR;CORREGIR
REMEDY;CORREGIR;CORREGIR
PROBLEM;ALARMREGULAD;NO DA ALARMA DE FALLAS DEL REGULADOR
PROBLEM;NOFRECUENC;NO SUMINISTRA UNA FRECUENCIA
CAUSE;DANOTARJ;DANO EN LA TARJETA
CAUSE;FATIGA;FATIGA
CAUSE;FALSUMTRAELECT;FALLA SUMINISTRO DE TRANSMISION ELECTRICA
CAUSE;FALLAISLAM;FALLA AISLAMIENTO ELECTRICO ENTRE FASES
FAILURECLASS;UPH;UNIDAD DE POTENCIA OLEOHIDRAULICA
PROBLEM;PERD.PRES;NO HAY PRESION O ES MENOR A LO REQUERIDO
REMEDY;REPARAR;REPARAR
REMEDY;REPARAR;REPARAR
CAUSE;DESGASTE;DESGASTE, CORROSION, GRIETAS, FISURAS EN EL EQUIPO
CAUSE;PRESVIBRA;PRESENCIA DE VIBRACIONES
REMEDY;REPARAR;REPARAR
REMEDY;REPARAR;REPARAR
PROBLEM;VIBRAC.DESPLAZA;VIBRACION RUIDO CARRO DESPLAZAMIENTO
CAUSE;DANOINSTRUMEN;DANO DE INSTRUMENTOS
REMEDY;CORREGIR;CORREGIR
REMEDY;CORREGIR;CORREGIR
CAUSE;DANOINSTRUMEN;DANO DE INSTRUMENTOS
CAUSE;CONTAM.SEDIMEN;CONTAMINACION - SEDIMENTACION
REMEDY;AJUSTAR;AJUSTAR
REMEDY;AJUSTAR;AJUSTAR
REMEDY;AJUSTAR;AJUSTAR
PROBLEM;TARJ.PRO.NOCOR;TARJETA DE PROCESAMIENTO NO CORRE
PROBLEM;SIN.VOLT;SIN VOLTAJE DE ALIMENTACION
CAUSE;FUSI.QUEMA;FUSIBLES QUEMADOS
PROBLEM;NO.EJEC.ORDEN;NO SE EJECUTAN LAS ORDENES DEL PROGRAMADOR
REMEDY;CAMBIAR;CAMBIAR
REMEDY;CAMBIAR;CAMBIAR
PROBLEM;FUGA.AGUA;FUGA DE AGUA POR INTERCAMBIADOR
CAUSE;RUP.TUBER;RUPTURA TUBERIA INTERNA O EXTERNA INTERCAMBIADOR
REMEDY;CAMBIAR;CAMBIAR
CAUSE;OBSTRUSEDI;OBSTRUCCION PARCIAL POR SEDIMENTOS
REMEDY;RETROLAVAR;REALIZAR RETROLAVADO
REMEDY;CAMBIAR;CAMBIAR
PROBLEM;TEMPFUERAGO;TEMPERATURA DE SALIDA DE AGUA FUERA DE RANGO
REMEDY;CAMBIAR;CAMBIAR
REMEDY;REPARAR;REPARAR
CAUSE;FILTRACTANQ;FILTRACION EN TANQUE
CAUSE;FALLA.CONTROL;FALLA  CONTROL Y/O MOTOBOMBAS
CAUSE;TRANSMIS2;
CAUSE;DPS;DISPOSTIVO PROTECCION SOBRETENSIONES
REMEDY;REPARAR;REPARAR
REMEDY;CAMBIAR;CAMBIAR
CAUSE;CORREXT;CORROSION EXTERNA
REMEDY;CAMBIAR;CAMBIAR
CAUSE;CONTAMIN;ELEMENTOS EXTRANOS O CONTAMINANTES EN EL FLUIDO
REMEDY;LIMPIAR;LIMPIAR
REMEDY;REPARAR;REPARAR
REMEDY;CAMBIAR;CAMBIAR
REMEDY;CAMBIAR;CAMBIAR
CAUSE;INSTALAC;DEFECTO DE CONSTRUCCION, INSTALACION, MONTAJE
CAUSE;CORTO.TE;DANO POR TERCEROS
REMEDY;CAMBIAR;CAMBIAR
CAUSE;CORT.VEG;CORTOCIRCUITO POR VEGETACION SOBRE LA LINEA
CAUSE;CORTO.AT;CORTOCIRCUITO POR DESCARGA ATMOSFERICA
CAUSE;DISTANCI;PERDIDA DE DISTANCIA DE SEGURIDAD ENTRE FASES
CAUSE;EMPALME;FALLA EN EMPALME
REMEDY;REPARAR;REPARAR
REMEDY;AJUSTAR;AJUSTAR
REMEDY;N/A;NO APLICA
PROBLEM;FALL.TEN;FALLA/OSCILACIÓN DE TENSION EN RED
REMEDY;CAMBIAR;CAMBIAR
REMEDY;LUBRICAR;LUBRICAR
REMEDY;CAMBIAR;CAMBIAR
PROBLEM;NOABREVALVADM;NO ABRE LA VÁLVULA DE ADMISION
REMEDY;CAMBIAR;CAMBIAR
REMEDY;REINSTAL;REINSTALAR
REMEDY;REPARAR;REPARAR
REMEDY;REPARAR;REPARAR
CAUSE;AISLADOR;FALLA DE AISLADOR
CAUSE;DESGASTE;DESGASTE, CORROSION, GRIETAS, FISURAS EN EL EQUIPO
CAUSE;ATMOSF;ROTURA POR DESCARGA ATMOSFERICA
REMEDY;CAMBIAR;CAMBIAR
CAUSE;SUICHELIMDESC;SUICHE LIMITE DE PARO MOTOR DESCALIBRADO
REMEDY;CALIBRAR;CALIBRAR
REMEDY;RESTABLECER;RESTABLECER
REMEDY;CAMBIAR;CAMBIAR
CAUSE;FALALIMCONT;FALLA DEBIDO A FALTA DE ALIMENTACION EN CONTROL
REMEDY;RESTABLECER;RESTABLECER
CAUSE;MOTORQUEMAD;MOTOR QUEMADO
REMEDY;CAMBIAR;CAMBIAR
CAUSE;FALALIMCONT;FALLA DEBIDO A FALTA DE ALIMENTACION EN CONTROL
CAUSE;DANOMECANICO;DANO MECANICO EN EL MECANISMO DE ACCINAMIENTO
CAUSE;EJESUELTO;EJE DE ACOPLE SUELTO
REMEDY;CAMBIAR;CAMBIAR
CAUSE;PRENSAESDEFE;PRENSAESTOPAS  GABINETE CONEXIONADO DEFECTUOSAS
PROBLEM;CABPUETIEFAL;CABLE DE PUESTA A TIERRA SUELTO O EN MAL ESTADO /AUSENTE
FAILURECLASS;BOMBA;BOMBA
PROBLEM;FUGASELL;FUGA DE SELLO MECÁNICO
REMEDY;REPARAR;REPARAR
CAUSE;CARASELL;CARAS SELLO DAÑADAS
CAUSE;RODRECAL;RODAMIENTO RECALENTADO
REMEDY;REPARAR;REPARAR
CAUSE;FALLACOP;FALLA ACOPLE
CAUSE;DESBALAN;DESBALANCEADO
REMEDY;REPARAR;REPARAR
CAUSE;CAVITACI;CAVITACION
CAUSE;FALLTRAF;FALLA TRANSFORMADOR DE CONTROL
CAUSE;FUSQUEM;FUSIBLE QUEMADO
CAUSE;ARRANSOB;ARRANCADOR SOBRECALENTADO
REMEDY;CAMBIAR;CAMBIAR
PROBLEM;DANO.CON;NO OPERA POR DANO EN SISTEMA DE CONTROL
CAUSE;INTAUXDI;INTERRUPTOR AUXILIAR DISPARADO
REMEDY;AJUSTAR;AJUSTAR
CAUSE;DESG.EMP;DESGASTE EMPAQUETADURA
REMEDY;CAMBIAR;CAMBIAR
PROBLEM;BAJA.PRES;BAJA PRESIÓN
CAUSE;FILT.SUCIO;FILTRO SUCIO
PROBLEM;FAL.ENER;FALTA DE ENERGÍA
CAUSE;SOBR.CORR;SOBRE CORRIENTE
REMEDY;LIMPIAR;LIMPIAR
CAUSE;FALL.MECA;FALLA MECANICA
REMEDY;REPARAR;REPARAR
REMEDY;REPARAR;REPARAR
CAUSE;NIVEL_OIL_BAJO;BAJO NIVEL DE ACEITE
CAUSE;NIVEL_OIL_BAJO;BAJO NIVEL DE ACEITE
CAUSE;BATERIA_FALLA;BATERIA DESCARGADA O DEFECTUOSA
PROBLEM;NO_OPERA;NO OPERA EL EQUIPO
PROBLEM;OPERA_LENTO;EL EQUIPO OPERA LENTO
CAUSE;LIN_AIRE_ROTA;LINEAS NEUMATICAS DESGASTADAS O ROTAS
REMEDY;REPARAR;REPARAR
REMEDY;REPARAR;REPARAR
REMEDY;REPARAR;REPARAR
CAUSE;ACCESORIO;FALLA EN ACCESORIO (VALVULA, SELLO, EMPAQUE, BRIDA)
REMEDY;REPARAR;REPARAR
CAUSE;VASDETER;VASTAGO DETERIORADO
PROBLEM;POTBAJA;POTENCIA BAJA
REMEDY;CAMBIAR;CAMBIAR
CAUSE;ACCESORIO;FALLA EN ACCESORIO (VALVULA, SELLO, EMPAQUE, BRIDA)
CAUSE;SOBCARGA;SOBRECARGA
REMEDY;CAMBIAR;CAMBIAR
REMEDY;RESTABLECER;RESTABLECER
CAUSE;SOBREPRESION;SOBREPRESION INTERNA EN EL POLO DEL INTERRUPTOR
PROBLEM;NOVISUAPRESI;NO SE VISUALIZA LA PRESION
CAUSE;FALALIMCONT;FALLA DEBIDO A FALTA DE ALIMENTACION EN CONTROL
REMEDY;CAMBIAR;CAMBIAR
REMEDY;REPARAR;REPARAR
CAUSE;EJESUELTO;EJE DE ACOPLE SUELTO
REMEDY;CAMBIAR;CAMBIAR
REMEDY;RESTABLECER;RESTABLECER
CAUSE;FALALIMBLOQ;FALTA DE ALIMENTACION CIRCUITO DE BLOQUEO
PROBLEM;HUMEGABICONT;HUMEDAD EN GABINETE DE CONTROL
CAUSE;GABINETEROTO;GABINETE DE CONTROL ROTO
REMEDY;REPARAR;REPARAR
CAUSE;DESGASTE;DESGASTE DEL MATERIAL
CAUSE;DESCALIBRACION;BRAZOS DE ACCIONAMIENTO DESCALIBRADOS
CAUSE;MICROSUICDES;MICROSUICHE CARGA RESORTES E MAL CALIBRADO
CAUSE;DESCALIBRACION;BRAZOS DE ACCIONAMIENTO DESCALIBRADOS
REMEDY;CALIBRAR;CALIBRAR
REMEDY;RESTABLECER;RESTABLECER
REMEDY;CAMBIAR;CAMBIAR
CAUSE;CONEXIONDEFE;CONEXION EXTERNA DEFECTUOSA
REMEDY;CAMBIAR;CAMBIAR
REMEDY;CAMBIAR;CAMBIAR
CAUSE;FALLACONTVEN;FALLA EN EL CONTROL DE LOS VENTILADORES
CAUSE;FALLACONMEOP;FALLA CONTROL MECANISMO OPERACIÓN CAMBIADOR
REMEDY;REPARAR;REPARAR
REMEDY;CAMBIAR;CAMBIAR
CAUSE;SUCIEDAD;TRANSFORMADOR  DE POTENCIAL CORROIDO
REMEDY;PINTAR;PINTAR
PROBLEM;FALLAAPERTUR;NO ABRE
REMEDY;ACOPLAR;ACOPLAR
CAUSE;BOBINAQUEMAD;FALLA DEBIDO A BOBINA DE CIERRE/APERT QUEMADA
CAUSE;DESCALIBRACION;BRAZOS DE ACCIONAMIENTO DESCALIBRADOS
CAUSE;DESGASTE;DESGASTE DEL MATERIAL
REMEDY;CAMBIAR;CAMBIAR
CAUSE;AMORTIDANADO;AMORTIGUADOR DE CIERRE DEFECTUOSO
REMEDY;CAMBIAR;CAMBIAR
REMEDY;CALIBRAR;CALIBRAR
CAUSE;GATILLODANAD;GATILLO APERTURA/CIERRE DEFECTUOSO
CAUSE;SUCIEDAD;TRANSFORMADOR  DE POTENCIAL CORROIDO
CAUSE;HUNDIMTERRE;HUNDIMIENTO DEL TERRENO
PROBLEM;PERDIDAGALVI;PERDIDA DE GALVANIZADO EN ESTRUCTURAS
CAUSE;PRENSAESDEFE;PRENSAESTOPAS  GABINETE CONEXIONADO DEFECTUOSAS
REMEDY;CAMBIAR;CAMBIAR
REMEDY;CAMBIAR;CAMBIAR
REMEDY;RESTABLECER;RESTABLECER
REMEDY;REPARAR;REPARAR
CAUSE;SOBREPRESION;SOBREPRESION INTERNA EN EL POLO DEL INTERRUPTOR
REMEDY;CAMBIAR;CAMBIAR
PROBLEM;CONTACTODEFE;CONTACTO  DE PÓTENCIA AL BARRAJE DEFECTUOSO
REMEDY;CAMBIAR;CAMBIAR
CAUSE;SUCIEDAD;SUCIEDAD O CONTAMINACION EN EL EQUIPO
REMEDY;LIMPIAR;LIMPIAR
CAUSE;CORROSION;CORROSION
REMEDY;CAMBIAR;CAMBIAR
REMEDY;REARMAR;REARMAR
PROBLEM;NOENVSENALAR;NO ENVIA SENAL ALARMA
REMEDY;CAMBIAR;CAMBIAR
PROBLEM;CABPUETIEFAL;CABLE DE PUESTA A TIERRA SUELTO O EN MAL ESTADO /AUSENTE
REMEDY;CAMBIAR;CAMBIAR
CAUSE;TANQUEPERFOR;TANQUE PERFORADO
REMEDY;CAMBIAR;CAMBIAR
REMEDY;REPARAR;REPARAR
REMEDY;LIMPIAR;LIMPIAR
CAUSE;TIRISTORFALL;TIRISTORES EN CORTOCIRCUITO
CAUSE;TARJCONTMALA;TARJETA DE CONTROL MALA
REMEDY;REPARAR;REPARAR
CAUSE;BREAKERABIER;BREAKER DE PROTECCION ABIERTO
REMEDY;REPARAR;REPARAR
CAUSE;INSTRUFALLA;INSTRUMENTACION FALLADA
CAUSE;PROTECTOR;DANO PROTECTOR
REMEDY;CAMBIAR;CAMBIAR
REMEDY;CAMBIAR;CAMBIAR
CAUSE;BBA_HCA_MAL_IN;INCORRECTA INSTALACION MECANICA DE LA BOMBA HIDRAULICA
CAUSE;BATERIA_FALLA;BATERIA DESCARGADA O DEFECTUOSA
REMEDY;REPARAR;REPARAR
CAUSE;FUGA_OIL;FUGA DE ACEITE
REMEDY;REMPLAZAR;REMPLAZAR
CAUSE;SINCRO_DESGAST;SINCRONISMOS O ENGRANAJES DESGASTADOS O DAÑADOS
REMEDY;CORREGIR;CORREGIR
REMEDY;REPONER;REPONER
REMEDY;REPARAR;REPARAR
REMEDY;REPONER;REPONER
REMEDY;REMPLAZAR;REMPLAZAR
REMEDY;REMPLAZAR;REMPLAZAR
PROBLEM;MANDOSF_FALLA;MANDOS FINALES EN FALLA
REMEDY;REMPLAZAR;REMPLAZAR
REMEDY;AJUSTAR;AJUSTAR
CAUSE;ROSCA_DESAJUST;ROSCA DESGASTADA, DESAJUSTADA
REMEDY;AJUSTAR;AJUSTAR
REMEDY;REMPLAZAR;REMPLAZAR
REMEDY;REPONER;REPONER
CAUSE;ENGR_DESGASTE;ENGRANAJES EN FALLA POR DESGASTE
REMEDY;REMPLAZAR;REMPLAZAR
REMEDY;REMPLAZAR;REMPLAZAR
REMEDY;AJUSTAR;AJUSTAR
REMEDY;REMPLAZAR;REMPLAZAR
REMEDY;REPARAR;REPARAR
PROBLEM;CONECTDEFECT;CONECTOR DEFECTUOSO
PROBLEM;NOLUCEACEPTA;NO LUCE ACEPTABLE
PROBLEM;FALL.PT;FALLA DE PUESTA A TIERRA
PROBLEM;NOENVSENALAR;NO ENVIA SENAL ALARMA
CAUSE;FALALIMSEN;FALTA  ALIMENTACION EN EL CIRCUITO DE SENALIZACION
REMEDY;RESTABLECER;RESTABLECER
PROBLEM;CABPUETIEFAL;CABLE DE PUESTA A TIERRA SUELTO O EN MAL ESTADO /AUSENTE
CAUSE;CABTIERROTO;CABLE DE PUESTA A TIERRA CON HILOS ROTOS
FAILURECLASS;GEDIESEL;GRUPO ELECTROGENO PLANTA DE MERGENCIA
CAUSE;DANOGENEELEC;DANO GENERADOR ELECTRICO
CAUSE;NOSUMICOMB;NO HAY SUMINISTRO DE COMBUSTIBLE
REMEDY;LIMPIAR;LIMPIAR
CAUSE;CARTERPERFOR;CARTER PERFORADO
REMEDY;CAMBIAR;CAMBIAR
REMEDY;REPARAR;REPARAR
CAUSE;DANOREGUVELO;DANO EN EL REGULADOR DE VELOCIDAD
PROBLEM;NOENSAYAUTO;NO ENSAYA AUTOMATICAMENTE
REMEDY;CAMBIAR;CAMBIAR
REMEDY;REPARAR;REPARAR
REMEDY;REPARAR;REPARAR
CAUSE;FALLAVIBRACION;FALLA BIELAS POR VIBRACION
CAUSE;FALLA.ARRANQUE;FALLA SISTEMA DE ARRANQUE
REMEDY;REPARAR;REPARAR
CAUSE;FALLA.AISLAM;FALLA AISLAMIENTO ELECTRICO ENTRE FASES
REMEDY;CAMBIAR;CAMBIAR
CAUSE;DESBALAN;DESBALANCEADO
REMEDY;BALANCEA;BALANCEAR
REMEDY;REPARAR;REPARAR
CAUSE;RODRECAL;RODAMIENTO RECALENTADO
REMEDY;REPARAR;REPARAR
CAUSE;EMPDANA;EMPAQUETADURA DAÑADA
PROBLEM;FRENADO;FRENADO
REMEDY;CAMBIAR;CAMBIAR
PROBLEM;RUI.EXC;RUIDO EXCESIVO
FAILURECLASS;MECGEN;MECANICOS Y ESTACIONARIOS GENERICO
PROBLEM;ROTURA;ROTURA
REMEDY;REPARAR;REPARAR
CAUSE;DESGASTE;DESGASTE, CORROSION, GRIETAS, FISURAS EN EL EQUIPO
REMEDY;REPARAR;REPARAR
CAUSE;ATENTADO;ATENTADO
CAUSE;DESPLTER;DESPLAZAMIENTO DEL TERRENO, DESLIZAMIENTO, EROSION
REMEDY;REPARAR;REPARAR
FAILURECLASS;CONTGEN;CONTROL E INSTRUMENTACION GENERICO
PROBLEM;NO.RESPU;NO HAY RESPUESTA ANTE CAMBIOS
REMEDY;INSPECCI;INSPECCIONAR
PROBLEM;CONTDEFIC;CONTROL DEFICIENTE
REMEDY;CONECTAR;CONECTAR
CAUSE;DETERIOR;DETERIORO
PROBLEM;SINENERG;SIN ENERGIA
REMEDY;REPARAR;REPARAR
REMEDY;REINICIAR;REINICIAR
REMEDY;REPROGRA;REPROGRAMAR
REMEDY;REVISAR;REVISAR
CAUSE;PROTECTOR;DANO PROTECTOR
REMEDY;CAMBIAR;CAMBIAR
PROBLEM;OUTDOOR;OUTDOOR
REMEDY;CAMBIAR;CAMBIAR
REMEDY;MOVER;MOVER
REMEDY;CAMBIAR;CAMBIAR
CAUSE;PUERTO;DANO EN PUERTO
CAUSE;HURTO;HURTO
CAUSE;DANOTOTAL;DANO TOTAL
REMEDY;CAMBIAR;CAMBIAR
PROBLEM;SIST_OPERATIV;SISTEMA OPERATIVO
CAUSE;QUEMADO;COMPONENTE QUEMADO
PROBLEM;VRF;VIRTUAL ROUTE FORWARDING
CAUSE;PERDI.CONFIG;PERDIDAD DE CONFIGURACION
REMEDY;CONFIGURAR;CONFIGURAR
PROBLEM;TARJETAPPAL;TARJETA PRINCIPAL
REMEDY;CAMBIAR;CAMBIAR
PROBLEM;CONFIGURACION;CONFIGURACION
REMEDY;REPARAR;REPARAR
REMEDY;CAMBIAR;CAMBIAR
REMEDY;CAMBIAR;CAMBIAR
FAILURECLASS;CONCENTRADOR;CONCENTRADOR DE DATOS
REMEDY;CAMBIAR;CAMBIAR
CAUSE;INTERRU.APAG;INTERRUPTOR APAGADO
REMEDY;AJUSTAR;AJUSTAR
REMEDY;CAMBIAR;CAMBIAR
CAUSE;BSAP.CORRUP;DRIVER BSAP CORRUPTO
REMEDY;RESET_LOCAL;REINICIO LOCAL
CAUSE;CONECTOR;CONECTOR DANADO
REMEDY;CAMBIAR;CAMBIAR
REMEDY;RESET_REMOTO;REINICIO REMOTO
CAUSE;INTERRU.APAG;INTERRUPTOR APAGADO
REMEDY;RESET_REMOTO;REINICIO REMOTO
CAUSE;MODBUS.CORRUP;DRIVER MODBUS CORRUPTO
CAUSE;CABLE;CABLE DANADO
REMEDY;CAMBIAR;CAMBIAR
REMEDY;CAMBIAR;CAMBIAR
REMEDY;AJUSTAR;AJUSTAR
REMEDY;CONFIGURAR;CONFIGURAR
REMEDY;AJUSTAR;AJUSTAR
REMEDY;CAMBIAR;CAMBIAR
REMEDY;CONFIGURAR;CONFIGURAR
REMEDY;CAMBIAR;CAMBIAR
CAUSE;MODU.DO;MODULO SALIDA DIGITAL
REMEDY;CONFIGUR;CONFIGURAR
CAUSE;MODU.AO;MODULO SALIDA ANALOGA
REMEDY;CONFIGUR;CONCENTRADOR DESCONFIGURADO
REMEDY;CONFIGUR;CONFIGURAR
REMEDY;CORREGIR;CORREGIR
PROBLEM;BOMBARESERV;NO ARRANCA LA BOMBA DE RESERVA
REMEDY;REPARAR;REPARAR
REMEDY;CAMBIAR;CAMBIAR
PROBLEM;NOALIVPRESI;NO PERMITE EL ALIVIO DE SOBRE PRESIÓN
PROBLEM;VOL_RNG;SALIDA DE VOLTAJE FUERA DE RANGO
CAUSE;DANOTARJCONT;DANO EN LA TARJETA DE CONTROL
REMEDY;CORREGIR;CORREGIR
REMEDY;RESTABLECER;RESTABLECER
REMEDY;CALIBRAR;CALIBRAR
REMEDY;CORREGIR;CORREGIR
PROBLEM;VARIACIVELOCID;NO REGULA VELOCIDAD
CAUSE;DANSENSOR;DANO DEL SENSOR
CAUSE;DESG.OBS;ENVEJECIMIENTO DEL MATERIAL
REMEDY;LIMPIAR;LIMPIAR
CAUSE;FALLA.ELECTROV;FALLA ELECTROVALVULAS
REMEDY;CAMBIAR;CAMBIAR
CAUSE;ELU;FUGA ACEITE
REMEDY;REPARAR;REPARAR
CAUSE;DESGASTE;DESGASTE DEL MATERIAL
CAUSE;DESGASTE;DESGASTE, CORROSION, GRIETAS, FISURAS EN EL EQUIPO
CAUSE;DEFIMATE;DEFICIENCIA DE MATERIAL ANTIFRICCION
REMEDY;CAMBIAR;CAMBIAR
CAUSE;SOBRECARGA;SOBRECARGA
PROBLEM;FALLMOTOR;FALLA MOTORES
CAUSE;DESCARCABLE;DESCARRILAMIENTO DE CABLE
REMEDY;REPARAR;REPARAR
REMEDY;CORREGIR;CORREGIR
REMEDY;CORREGIR;CORREGIR
CAUSE;RELEDEFECT;RELES DEFECTUOSOS
FAILURECLASS;COJINETE;COJINETE
CAUSE;REIN.TRAND;REINICIO DEL TRANSDUCTOR DE NIVEL GENERA ALARMAS EVENTOS DE ALARMAS EN EL SCADA
CAUSE;DANOINSTRUMEN;DANO DE INSTRUMENTOS
CAUSE;AMORTISOPORTE;DEFORMACION AMORTIGUADORES DE SOPORTE
REMEDY;DESOBSTRUIR;DESOBSTRUIR
PROBLEM;NO.CONTRS.EQALA;NO REALIZA EL CONTROL , SENALIZACION, ESTADO DEL EQUIPO Y ALARMAS
REMEDY;CAMBIAR;CAMBIAR
CAUSE;BAJVOLTALIMEN;BAJO O NULO VOLTAJE DE ALIMENTACION
CAUSE;TARJ.SALFALL;TARJETA DE SALIDAS DEGITALES EN FALLA
CAUSE;TARJ.ENTFALL;TARJETA DE ENTRADAS DIGITALES EN FALLA
PROBLEM;SENAL.ERRA;SENAL ERRATICA ANALOGIA O DIGITAL
CAUSE;VOLTFUERAN;VOLTAJE DEL PLC FUERA DE RANGO
REMEDY;ASEGURAR;ASEGURAR
REMEDY;REPARAR;REPARAR
CAUSE;VIDA.UT;FIN DE VIDA UTIL
REMEDY;REPARAR;REPARAR
REMEDY;REPARAR;REPARAR
REMEDY;REPARAR;REPARAR
REMEDY;REPARAR;REPARAR
CAUSE;FABRICAC;DEFECTO DE FABRICACION (TUBO/ACCESORIO DEFECTUOSO)
REMEDY;REPARAR;REPARAR
REMEDY;REPARAR;REPARAR
REMEDY;REPARAR;REPARAR
REMEDY;REPARAR;REPARAR
CAUSE;QUEM.INS;QUEMADO POR INSTALACION NO ACORDE AL DISENO
CAUSE;INSTALAC;DEFECTO DE CONSTRUCCION, INSTALACION, MONTAJE
REMEDY;REPONER;REPONER
CAUSE;CAPA.VF;SOBRECARGA POR OPERACION FUERA DE CAP DE DISENO
REMEDY;AJUSTAR;AJUSTAR
CAUSE;CORT.ANI;CORTOCIRCUITO POR ANIMALES
REMEDY;AJUSTAR;AJUSTAR
REMEDY;N/A;NO APLICA
CAUSE;LDEST;LINEA DESTEMPLADA
CAUSE;FRACTURA;FRACTURA
CAUSE;MAT.DESC;PRESENCIA DE ELEMENTOS EXTRAÑOS EN LA VALVULA
REMEDY;REPARAR;REPARAR
PROBLEM;NO.SELLA;VALVULA NO SELLA
CAUSE;SELL.MAL;SELLO MALO
REMEDY;REVISAR;REVISAR
REMEDY;CAMBIAR;CAMBIAR
CAUSE;ALTA.PRES;ALTA PRESION
CAUSE;DESAJUSVALV;VALVULA DESAJUSTADA O BLOQUEADA
CAUSE;NOCIERVALV;NO CIERRA LA VÁLVULA
REMEDY;REPARAR;REPARAR
PROBLEM;FUGAINT;FUGA INTERNA
REMEDY;REPARAR;REPARAR
REMEDY;CAMBIAR;CAMBIAR
REMEDY;CAMBIAR;CAMBIAR
PROBLEM;BLOQUEOMECAN;BLOQUEO MECANICO DEFECTUOSO
REMEDY;CALIBRAR;CALIBRAR
CAUSE;BOBINAQUEMAD;FALLA DEBIDO A BOBINA DE CIERRE/APERT QUEMADA
REMEDY;LIMPIAR;LIMPIAR
REMEDY;CAMBIAR;CAMBIAR
CAUSE;RECORRINCOMP;RECORRIDO INCOMPLETO DE LOS BRAZOS
CAUSE;CABTIERROTO;CABLE DE PUESTA A TIERRA CON HILOS ROTOS
CAUSE;FUNDACDETERI;FUNDACION DETERIORADA
PROBLEM;PERDIDAGALVI;PERDIDA DE GALVANIZADO EN ESTRUCTURAS
PROBLEM;FLUJINTE;FLUJO INTERMITENTE
CAUSE;CORREXT;CORROSION EXTERNA
CAUSE;EJEDOBLA;EJE DOBLADO
REMEDY;REPARAR;REPARAR
PROBLEM;NOCIERRA;MANDO NO CIERRA
PROBLEM;INTDISPA;INTERRUPTOR DISPARADO FRECUENTEMENTE
REMEDY;REPARAR;REPARAR
REMEDY;CAMBIAR;CAMBIAR
CAUSE;MOT.FAL;MOTOR FALLADO
CAUSE;DES.DESC;DANO DE DISPOSITIVO DE OPERACION MANUAL
FAILURECLASS;COMPRESOR;COMPRESOR
REMEDY;RESTABLECER;RESTABLECER
REMEDY;CAMBIAR;CAMBIAR
REMEDY;REPARAR;REPARAR
PROBLEM;ALTA.PRES;ALTA PRESION
CAUSE;DESG.VALV;DESGASTE EN VALVULAS
CAUSE;DESGASTE;DESGASTE DEL MATERIAL
REMEDY;REPARAR;REPARAR
REMEDY;REPARAR;REPARAR
REMEDY;REMPLAZAR;REMPLAZAR
CAUSE;LLANTA_DESGAST;LLANTAS EN FALLA POR DESGASTE
REMEDY;REMPLAZAR;REMPLAZAR
REMEDY;CARGAR;CARGAR
REMEDY;REMPLAZAR;REMPLAZAR
CAUSE;CORTO_SIST_ELE;CORTO EN EL SISTEMA ELECTRICO
REMEDY;REPARAR;REPARAR
CAUSE;BATERIA_FALLA;BATERIA DESCARGADA O DEFECTUOSA
REMEDY;CARGAR;CARGAR
CAUSE;CORTO_SIST_ELE;CORTO EN EL SISTEMA ELECTRICO
REMEDY;REMPLAZAR;REMPLAZAR
CAUSE;VASCORROI;VASTAGO CORROIDO
REMEDY;CAMBIAR;CAMBIAR
REMEDY;CAMBIAR;CAMBIAR
CAUSE;DESGASTE;DESGASTE, CORROSION, GRIETAS, FISURAS EN EL EQUIPO
PROBLEM;FUGA;FUGA
REMEDY;REPARAR;REPARAR
FAILURECLASS;INTERSF6M;INTERRUPTOR CON MEDIO DE EXTINCION SF6-MECANICO
REMEDY;ACOPLAR;ACOPLAR
PROBLEM;FALLAAPERTUR;NO ABRE
CAUSE;BOBINAQUEMAD;FALLA DEBIDO A BOBINA DE CIERRE/APERT QUEMADA
PROBLEM;NOENVSENALAR;NO ENVIA SENAL ALARMA
CAUSE;CONTACDANADO;CONTACTO DEL INSTRUMENTO DANADO
REMEDY;CAMBIAR;CAMBIAR
CAUSE;AMORTIDANADO;AMORTIGUADOR DE CIERRE DEFECTUOSO
CAUSE;GATILLODANAD;GATILLO APERTURA/CIERRE DEFECTUOSO
PROBLEM;CABPUETIEFAL;CABLE DE PUESTA A TIERRA SUELTO O EN MAL ESTADO /AUSENTE
REMEDY;REPARAR;REPARAR
CAUSE;FALALIMSEN;FALTA  ALIMENTACION EN EL CIRCUITO DE SENALIZACION
REMEDY;CAMBIAR;CAMBIAR
CAUSE;BUJEFALLADO;BUJE DEL TRANSFORMADOR FALLADO
CAUSE;EMPAQUEDANAD;EMPAQUETADURA DANADA
REMEDY;REPARAR;REPARAR
CAUSE;DAMECOPSELRU;DANO ENTRE MECANISMO OPERACION Y SELECTOR RUPTOR
CAUSE;REGUTENSMALO;REGULADOR DE TENSION MALO
CAUSE;PRENSAESDEFE;PRENSAESTOPAS  GABINETE CONEXIONADO DEFECTUOSAS
CAUSE;CABLESUELTO;CABLE DE PUESTA A TIERRA SUELTO
REMEDY;CAMBIAR;CAMBIAR
CAUSE;TRINQUEPEGAD;TRINQUETE DE CIERRE/APERT PEGADO
REMEDY;LUBRICAR;LUBRICAR
REMEDY;CAMBIAR;CAMBIAR
REMEDY;REPARAR;REPARAR
REMEDY;LIMPIAR;LIMPIAR
REMEDY;CAMBIAR;CAMBIAR
CAUSE;BIELAREVENTA;BIELA REVENTADA
CAUSE;EJESUELTO;EJE DE ACOPLE SUELTO
REMEDY;CALIBRAR;CALIBRAR
PROBLEM;TIEMAPER30;TIEMPO DE APERTURA SUPERIOR A 30 mS
PROBLEM;TIEMCIER130;TIEMPO DE CIERRE SUPERIOR A 130 mS
REMEDY;CAMBIAR;CAMBIAR
CAUSE;FALALIMSEN;FALTA  ALIMENTACION EN EL CIRCUITO DE SENALIZACION
PROBLEM;DANOINFRAEST;DANO INFRAESTUCTURA DE SOPORTE
CAUSE;DESINTEGRACION;DESINTEGRACION DEL CONCRETO
REMEDY;CAMBIAR;CAMBIAR
REMEDY;CAMBIAR;CAMBIAR
FAILURECLASS;INTERVAC;INTERRUPTOR CON MEDIO DE EXTINCION EN VACIO
CAUSE;FALALIMCONT;FALLA DEBIDO A FALTA DE ALIMENTACION EN CONTROL
REMEDY;CAMBIAR;CAMBIAR
CAUSE;FALALIMCONT;FALLA DEBIDO A FALTA DE ALIMENTACION EN CONTROL
CAUSE;DANOMECANICO;DANO MECANICO EN EL MECANISMO DE ACCINAMIENTO
CAUSE;MOTORQUEMAD;MOTOR QUEMADO
CAUSE;CALENTAMIENTO;CALENTAMIENTO
REMEDY;CAMBIAR;CAMBIAR
CAUSE;FALALIMSEN;FALTA  ALIMENTACION EN EL CIRCUITO DE SENALIZACION
REMEDY;CAMBIAR;CAMBIAR
CAUSE;EMPAQUEDANAD;EMPAQUETADURA DANADA
CAUSE;FUNDACDETERI;FUNDACION DETERIORADA
PROBLEM;NOLUCEACEPTA;NO LUCE ACEPTABLE
CAUSE;SUCIEDAD;TRANSFORMADOR  DE POTENCIAL CORROIDO
CAUSE;SIUICHEMALO;SUICHE MALO
PROBLEM;VAELFUERANGO;VARIABLE ELECTRICA ENTREGADA FUERA DE RANGO
REMEDY;CAMBIAR;CAMBIAR
PROBLEM;CABPUETIEFAL;CABLE DE PUESTA A TIERRA SUELTO O EN MAL ESTADO /AUSENTE
PROBLEM;NOLUCEACEPTA;NO LUCE ACEPTABLE
PROBLEM;BATERIA;BATERIA
REMEDY;CARGAR;CARGAR
PROBLEM;TARJETAPPAL;TARJETA PRINCIPAL
REMEDY;REPARAR;REPARAR
REMEDY;CAMBIAR;CAMBIAR
REMEDY;REPARAR;REPARAR
CAUSE;BBA_HCA_FALLA;BOMBA HIDRAULICA EN FALLA
REMEDY;CARGAR;CARGAR
REMEDY;REPARAR;REPARAR
CAUSE;DESGASTE_USO;DESGASTE POR USO
PROBLEM;CAJATRAN_FALLA;CAJA DE TRANSFERENCIA EN FALLA
REMEDY;REMPLAZAR;REMPLAZAR
REMEDY;REPARAR;REPARAR
CAUSE;NIVEL_HCO_BAJO;BAJO NIVEL DE FLUIDO HIDRAULICO
CAUSE;FUSIBLE_MALO;FUSIBLES DEFECTUOSOS
REMEDY;REMPLAZAR;REMPLAZAR
CAUSE;NIV_REFRI_BAJO;BAJO NIVEL DE REFRIGERANTE
CAUSE;LIN_ENFRI_ROTA;LINEAS DEL SISTEMA DE ENFRIAMIENTO DESGASTADAS O ROTAS
REMEDY;LIMPIAR;LIMPIAR
REMEDY;REPONER;REPONER
REMEDY;REMPLAZAR;REMPLAZAR
REMEDY;REMPLAZAR;REMPLAZAR
REMEDY;REPONER;REPONER
CAUSE;ALINEAC_DESVIA;ALINEACION DE LLANTAS DESVIADA
REMEDY;REPONER;REPONER
CAUSE;ALINEAC_DESVIA;ALINEACION DE LLANTAS DESVIADA
CAUSE;NIVEL_OIL_BAJO;BAJO NIVEL DE ACEITE
CAUSE;BATERIA_FALLA;BATERIA DESCARGADA O DEFECTUOSA
REMEDY;REPARAR;REPARAR
CAUSE;LIN_AIRE_ROTA;LINEAS NEUMATICAS DESGASTADAS O ROTAS
CAUSE;COMPRESO_FALLA;COMPRESOR EN FALLA
FAILURECLASS;DPS;DISPOSTIVO PROTECCION SOBRETENSIONES
PROBLEM;CABPUETIEFAL;CABLE DE PUESTA A TIERRA SUELTO O EN MAL ESTADO /AUSENTE
REMEDY;CAMBIAR;CAMBIAR
CAUSE;FUNDACDETERI;FUNDACION DETERIORADA
CAUSE;PERDIDAISLAMI;PERDIDA DE AISLAMIENTO
FAILURECLASS;TABLEDIST;TABLERO DISTRIBUCION SERVICIOS AUXILIARES CA Y CD
PROBLEM;FALTAALIMENT;FALTA ALIMENTACION DE CA/CD
CAUSE;DEFORMACION;DEFORMACION
REMEDY;CAMBIAR;CAMBIAR
CAUSE;INSTRUFALLA;INSTRUMENTACION FALLADA
CAUSE;CABLESUELTO;CABLE DE PUESTA A TIERRA SUELTO
CAUSE;DANOMECAMOTO;DANO MECANICO EN EL MOTOR DIESEL
REMEDY;REPARAR;REPARAR
REMEDY;REPARAR;REPARAR
REMEDY;REVISAR;REVISAR
CAUSE;SUCIEDAD;SUCIEDAD O CONTAMINACION EN EL EQUIPO
CAUSE;RADIADORROTO;RADIADOR ROTO
REMEDY;CAMBIAR;CAMBIAR
CAUSE;FATIGAMATE;DANO POR RUPTURA O FATIGA MATERIALES
CAUSE;FALLAPISTON;FALLA PISTONES POR FATIGA
REMEDY;REPARAR;REPARAR
REMEDY;REPARAR;REPARAR
PROBLEM;FALLAGENER;FALLA GENERADOR
REMEDY;REVISAR;REVISAR
PROBLEM;SISTEMAMEDIC;FALLA SISTEMA DE MEDICION
CAUSE;DESBALAN;DESBALANCEADO
REMEDY;REPARAR;REPARAR
REMEDY;CAMBIAR;CAMBIAR
CAUSE;CARASELL;CARAS SELLO DAÑADAS
REMEDY;REPARAR;REPARAR
CAUSE;FALL.MECA;FALLA MECANICA
CAUSE;FILT.SUCIO;FILTRO SUCIO
CAUSE;FUGA;FUGA
REMEDY;REPARAR;REPARAR
REMEDY;CAMBIAR;CAMBIAR
CAUSE;EQUIPOS;FALLA DE EQUIPOS DE CONTROL/ALIVIO
CAUSE;TERCEROS;DANOS CAUSADOS POR TERCEROS (INCLUYE VANDALISMO)
REMEDY;REPARAR;REPARAR
CAUSE;CORRINT;CORROSION INTERNA
REMEDY;REPARAR;REPARAR
REMEDY;REPARAR;REPARAR
CAUSE;TERCEROS;DANOS CAUSADOS POR TERCEROS (INCLUYE VANDALISMO)
CAUSE;CABLESUELTO;CABLE DE PUESTA A TIERRA SUELTO
CAUSE;GPRS;GPRS FALLADA O SENAL MALA
CAUSE;HUM.SUC;ACUMULACION DE HUMEDAD O SUCIEDAD EN COMPONENTES
REMEDY;LIMPIAR;LIMPIAR
REMEDY;REVISAR;REVISAR
REMEDY;CAMBIAR;CAMBIAR
REMEDY;CAMBIAR;CAMBIAR
CAUSE;CONECTOR;CONECTOR DANADO
CAUSE;TERMI.OUTDOOR;DANO EN TERMINAL OUTDOOR
REMEDY;PODAR;PODAR
PROBLEM;TARJETAPPAL;TARJETA PRINCIPAL
CAUSE;PERDI.CONFIG;PERDIDAD DE CONFIGURACION
CAUSE;MODUPOTEN;DANO MODULO DE POTENCIA
REMEDY;REPARAR;REPARAR
CAUSE;PERDIDATOS;PERDIDAD DE DATOS
CAUSE;PROTECTOR;DANO PROTECTOR
CAUSE;PROTECTOR;DANO PROTECTOR
REMEDY;CAMBIAR;CAMBIAR
REMEDY;CONFIGURAR;CONFIGURAR
CAUSE;CONEXION;CONEXION PUESTA A TIERRA
REMEDY;CAMBIAR;CAMBIAR
CAUSE;DANSOLDADU;PROBLEMA EN SOLDADURA DE CONTACTO
REMEDY;REPARAR;REPARAR
CAUSE;FALL.MECA;FALLA MECANICA
REMEDY;CAMBIAR;CAMBIAR
FAILURECLASS;UPS;UPS
PROBLEM;TARJETAPPAL;TARJETA PRINCIPAL
CAUSE;PROTECTOR;DANO PROTECTOR
REMEDY;REPARAR;REPARAR
CAUSE;DANOTOTAL;DANO TOTAL
REMEDY;CAMBIAR;CAMBIAR
CAUSE;LATEN.LINEA;LATENCIA EN LA LINEA
CAUSE;PERDI.CONFIG;PERDIDAD DE CONFIGURACION
CAUSE;DANO.CPU;DANO EN UNIDAD CENTRAL DE PROCESAMIENTO
REMEDY;RESET_LOCAL;REINICIO LOCAL
REMEDY;AJUSTAR;AJUSTAR
REMEDY;CAMBIAR;CAMBIAR
REMEDY;CARGAR;CARGAR
REMEDY;AJUSTAR;AJUSTAR
REMEDY;RESET_REMOTO;REINICIO REMOTO
REMEDY;CAMBIAR;CAMBIAR
REMEDY;CAMBIAR;CAMBIAR
REMEDY;AJUSTAR;AJUSTAR
REMEDY;CORREGIR;CORREGIR
CAUSE;DANO.VALVU;DANO DE VALVULAS
CAUSE;UNIONPOLARES;APERTURAS DE UNIONES POLARES
REMEDY;CAMBIAR;CAMBIAR
CAUSE;CIRCUDISPA;DANO EN EL CIRCUITO DE CONTROL DE DISPARO
REMEDY;CORREGIR;CORREGIR
PROBLEM;VOLTATECHOPOSI;VOLTAJE DE TECHO POSITIVO DURANTE FALLAS
CAUSE;CIRCUDISPA;DANO EN EL CIRCUITO DE CONTROL DE DISPARO
CAUSE;CONTROL;DANO CONTROL
CAUSE;CONTAMIN;ELEMENTOS EXTRANOS O CONTAMINANTES EN EL FLUIDO
REMEDY;CORREGIR;CORREGIR
REMEDY;CORREGIR;CORREGIR
REMEDY;CALIBRAR;CALIBRAR
CAUSE;DANOTARJCONT;DANO EN LA TARJETA DE CONTROL
FAILURECLASS;TABLEROCONTROL;TABLERO DE CONTROL
REMEDY;REPARAR;REPARAR
REMEDY;CAMBIAR;CAMBIAR
CAUSE;DESGASTE;DESGASTE DEL MATERIAL
REMEDY;REPARAR;REPARAR
PROBLEM;CIRCUABIERT;NO SE DETECTA CORRIENTE EXITACION POR CIRCUITO ABIERTO
REMEDY;REPARAR;REPARAR
CAUSE;DESGASTE;DESGASTE DEL MATERIAL
REMEDY;REPARAR;REPARAR
CAUSE;REIN.CONT;REINICIO DE CONTROLADOR OCASIONA DISPARO DE UNIDAD
REMEDY;PARAMETRIZAR;PARAMETRIZAR
CAUSE;DANOINSTRUMEN;DANO DE INSTRUMENTOS
PROBLEM;NOSOPORPESO;NO SOPORTA EL PESO EL ROTOR LOS EJES Y LA TURBINA
REMEDY;REPARAR;REPARAR
REMEDY;CAMBIAR;CAMBIAR
REMEDY;REPARAR;REPARAR
REMEDY;CAMBIAR;CAMBIAR
CAUSE;FUGAGU;FUGA DE AGUA
CAUSE;OPERETARD;OPERACION RETARDADA (DISCREPANCIA EN CONTACTOS)
REMEDY;CAMBIAR;CAMBIAR
REMEDY;AJUSTAR;AJUSTAR
CAUSE;SEAL.TIERPERD;SENAL DE TIERRA DE REFERENCIA PERDIDA
FAILURECLASS;RADIADOR;RADIADOR
REMEDY;RETROLAVAR;REALIZAR RETROLAVADO
REMEDY;RETROLAVAR;REALIZAR RETROLAVADO
CAUSE;AFLOJAM.DESGAS;AFLOJAMIENTO DESGASTE DE JUNTAS
CAUSE;FALLA.ELECTROV;FALLA ELECTROVALVULAS
